Ngày,Thời điểm cập nhật giá mới,Thời điểm cập nhật dữ liệu,Mã vàng,Loại vàng,Giá mua,Giá bán,Chêch lệch giá mua,Chênh lệch giá bán,Đơn vị,Số lần update
2025-01-25,00:00:00,2026-03-05 10:22:53.197,SJCVIETNAM,SJC Việt Nam,86800000.0,88800000,0.0,0,VND,1
2025-02-01,00:00:00,2026-03-05 10:23:08.064,SJCVIETNAM,SJC Việt Nam,86800000.0,88800000,0.0,0,VND,1
2025-02-03,00:00:00,2026-03-05 10:23:12.309,SJCVIETNAM,SJC Việt Nam,86800000.0,88800000,0.0,0,VND,1
2025-02-04,00:00:00,2026-03-05 10:23:14.429,SJCVIETNAM,SJC Việt Nam,87800000.0,90300000,0.0,0,VND,1
2025-02-05,00:00:00,2026-03-05 10:23:16.571,SJCVIETNAM,SJC Việt Nam,88000000.0,91000000,0.0,0,VND,1
2025-02-06,00:00:00,2026-03-05 10:23:18.698,SJCVIETNAM,SJC Việt Nam,88200000.0,91200000,0.0,0,VND,1
2025-02-07,00:00:00,2026-03-05 10:23:20.825,SJCVIETNAM,SJC Việt Nam,86500000.0,90000000,0.0,0,VND,1
2025-02-10,00:00:00,2026-03-05 10:23:27.225,SJCVIETNAM,SJC Việt Nam,87300000.0,90300000,0.0,0,VND,1
2025-02-11,00:00:00,2026-03-05 10:23:29.351,SJCVIETNAM,SJC Việt Nam,89800000.0,92800000,0.0,0,VND,1
2025-02-12,00:00:00,2026-03-05 10:23:31.480,SJCVIETNAM,SJC Việt Nam,86700000.0,90200000,0.0,0,VND,1
2025-02-13,00:00:00,2026-03-05 10:23:33.697,SJCVIETNAM,SJC Việt Nam,87400000.0,90400000,0.0,0,VND,1
2025-02-14,00:00:00,2026-03-05 10:23:35.822,SJCVIETNAM,SJC Việt Nam,88300000.0,91300000,0.0,0,VND,1
2025-02-15,00:00:00,2026-03-05 10:23:37.945,SJCVIETNAM,SJC Việt Nam,87300000.0,90300000,0.0,0,VND,1
2025-02-17,00:00:00,2026-03-05 10:23:42.205,SJCVIETNAM,SJC Việt Nam,87300000.0,90300000,0.0,0,VND,1
2025-02-18,00:00:00,2026-03-05 10:23:44.346,SJCVIETNAM,SJC Việt Nam,88300000.0,90800000,0.0,0,VND,1
2025-02-19,00:00:00,2026-03-05 10:23:46.466,SJCVIETNAM,SJC Việt Nam,89400000.0,91700000,0.0,0,VND,1
2025-02-20,00:00:00,2026-03-05 10:23:48.609,SJCVIETNAM,SJC Việt Nam,89800000.0,92100000,0.0,0,VND,1
2025-02-21,00:00:00,2026-03-05 10:23:50.728,SJCVIETNAM,SJC Việt Nam,89700000.0,92000000,0.0,0,VND,1
2025-02-22,00:00:00,2026-03-05 10:23:52.856,SJCVIETNAM,SJC Việt Nam,89400000.0,91700000,0.0,0,VND,1
2025-02-24,00:00:00,2026-03-05 10:23:57.094,SJCVIETNAM,SJC Việt Nam,89200000.0,91500000,0.0,0,VND,1
2025-02-25,00:00:00,2026-03-05 10:23:59.218,SJCVIETNAM,SJC Việt Nam,90000000.0,92300000,0.0,0,VND,1
2025-02-26,00:00:00,2026-03-05 10:24:01.336,SJCVIETNAM,SJC Việt Nam,89400000.0,91700000,0.0,0,VND,1
2025-02-27,00:00:00,2026-03-05 10:24:03.530,SJCVIETNAM,SJC Việt Nam,89200000.0,91500000,0.0,0,VND,1
2025-02-28,00:00:00,2026-03-05 10:24:05.656,SJCVIETNAM,SJC Việt Nam,88900000.0,90900000,0.0,0,VND,1
2025-03-01,00:00:00,2026-03-05 10:24:07.775,SJCVIETNAM,SJC Việt Nam,88300000.0,90300000,0.0,0,VND,1
2025-03-03,00:00:00,2026-03-05 10:24:12.038,SJCVIETNAM,SJC Việt Nam,89000000.0,91000000,0.0,0,VND,1
2025-03-04,00:00:00,2026-03-05 10:24:14.164,SJCVIETNAM,SJC Việt Nam,89600000.0,91600000,0.0,0,VND,1
2025-03-06,00:00:00,2026-03-05 10:24:18.436,SJCVIETNAM,SJC Việt Nam,91000000.0,93000000,0.0,0,VND,1
2025-03-07,00:00:00,2026-03-05 10:24:20.562,SJCVIETNAM,SJC Việt Nam,90900000.0,92900000,0.0,0,VND,1
2025-03-08,00:00:00,2026-03-05 10:24:22.683,SJCVIETNAM,SJC Việt Nam,90900000.0,92900000,0.0,0,VND,1
2025-03-10,00:00:00,2026-03-05 10:24:26.925,SJCVIETNAM,SJC Việt Nam,91100000.0,93100000,0.0,0,VND,1
2025-03-11,00:00:00,2026-03-05 10:24:29.046,SJCVIETNAM,SJC Việt Nam,90600000.0,92600000,0.0,0,VND,1
2025-03-12,00:00:00,2026-03-05 10:24:31.173,SJCVIETNAM,SJC Việt Nam,91600000.0,93300000,0.0,0,VND,1
2025-03-13,00:00:00,2026-03-05 10:24:33.350,SJCVIETNAM,SJC Việt Nam,92500000.0,94200000,0.0,0,VND,1
2025-03-14,00:00:00,2026-03-05 10:24:35.470,SJCVIETNAM,SJC Việt Nam,94100000.0,95600000,0.0,0,VND,1
2025-03-17,00:00:00,2026-03-05 10:24:41.939,SJCVIETNAM,SJC Việt Nam,94800000.0,96100000,0.0,0,VND,1
2025-03-18,00:00:00,2026-03-05 10:24:44.064,SJCVIETNAM,SJC Việt Nam,95400000.0,96900000,0.0,0,VND,1
2025-03-19,00:00:00,2026-03-05 10:24:46.193,SJCVIETNAM,SJC Việt Nam,97100000.0,98600000,0.0,0,VND,1
2025-03-20,00:00:00,2026-03-05 10:24:48.324,SJCVIETNAM,SJC Việt Nam,98600000.0,100400000,0.0,0,VND,1
2025-03-21,00:00:00,2026-03-05 10:24:50.458,SJCVIETNAM,SJC Việt Nam,94700000.0,97700000,0.0,0,VND,1
2025-03-22,00:00:00,2026-03-05 10:24:52.580,SJCVIETNAM,SJC Việt Nam,94700000.0,97700000,0.0,0,VND,1
2025-03-23,00:00:00,2026-03-05 10:24:54.701,SJCVIETNAM,SJC Việt Nam,94400000.0,97400000,0.0,0,VND,1
2025-03-24,00:00:00,2026-03-05 10:24:56.833,SJCVIETNAM,SJC Việt Nam,94400000.0,97400000,0.0,0,VND,1
2025-03-25,00:00:00,2026-03-05 10:24:58.951,SJCVIETNAM,SJC Việt Nam,94900000.0,97400000,0.0,0,VND,1
2025-03-26,00:00:00,2026-03-05 10:25:01.074,SJCVIETNAM,SJC Việt Nam,96500000.0,98200000,0.0,0,VND,1
2025-03-27,00:00:00,2026-03-05 10:25:03.246,SJCVIETNAM,SJC Việt Nam,96700000.0,98400000,0.0,0,VND,1
2025-03-28,00:00:00,2026-03-05 10:25:05.367,SJCVIETNAM,SJC Việt Nam,98200000.0,99900000,0.0,0,VND,1
2025-03-29,00:00:00,2026-03-05 10:25:07.492,SJCVIETNAM,SJC Việt Nam,98400000.0,100700000,0.0,0,VND,1
2025-03-31,00:00:00,2026-03-05 10:25:11.730,SJCVIETNAM,SJC Việt Nam,98700000.0,100700000,0.0,0,VND,1
2025-04-01,00:00:00,2026-03-05 10:25:13.858,SJCVIETNAM,SJC Việt Nam,99800000.0,102100000,0.0,0,VND,1
2025-04-02,00:00:00,2026-03-05 10:25:15.975,SJCVIETNAM,SJC Việt Nam,99100000.0,101800000,0.0,0,VND,1
2025-04-03,00:00:00,2026-03-05 10:25:18.106,SJCVIETNAM,SJC Việt Nam,99800000.0,102500000,0.0,0,VND,1
2025-04-04,00:00:00,2026-03-05 10:25:20.230,SJCVIETNAM,SJC Việt Nam,99400000.0,101900000,0.0,0,VND,1
2025-04-05,00:00:00,2026-03-05 10:25:22.359,SJCVIETNAM,SJC Việt Nam,97100000.0,100100000,0.0,0,VND,1
2025-04-08,00:00:00,2026-03-05 10:25:28.717,SJCVIETNAM,SJC Việt Nam,96500000.0,99500000,0.0,0,VND,1
2025-04-09,00:00:00,2026-03-05 10:25:30.836,SJCVIETNAM,SJC Việt Nam,97400000.0,99600000,0.0,0,VND,1
2025-04-10,00:00:00,2026-03-05 10:25:33.015,SJCVIETNAM,SJC Việt Nam,100400000.0,103400000,0.0,0,VND,1
2025-04-11,00:00:00,2026-03-05 10:25:35.143,SJCVIETNAM,SJC Việt Nam,103400000.0,106400000,0.0,0,VND,1
2025-04-12,00:00:00,2026-03-05 10:25:37.281,SJCVIETNAM,SJC Việt Nam,102900000.0,105900000,0.0,0,VND,1
2025-04-14,00:00:00,2026-03-05 10:25:41.522,SJCVIETNAM,SJC Việt Nam,104500000.0,107000000,0.0,0,VND,1
2025-04-15,00:00:00,2026-03-05 10:25:43.644,SJCVIETNAM,SJC Việt Nam,105200000.0,107700000,0.0,0,VND,1
2025-04-16,00:00:00,2026-03-05 10:25:45.831,SJCVIETNAM,SJC Việt Nam,106800000.0,109800000,0.0,0,VND,1
2025-04-17,00:00:00,2026-03-05 10:25:47.960,SJCVIETNAM,SJC Việt Nam,115500000.0,118000000,0.0,0,VND,1
2025-04-18,00:00:00,2026-03-05 10:25:50.087,SJCVIETNAM,SJC Việt Nam,117000000.0,120000000,0.0,0,VND,1
2025-04-19,00:00:00,2026-03-05 10:25:52.221,SJCVIETNAM,SJC Việt Nam,117000000.0,120000000,0.0,0,VND,1
2025-04-21,00:00:00,2026-03-05 10:25:56.457,SJCVIETNAM,SJC Việt Nam,112000000.0,114000000,0.0,0,VND,1
2025-04-22,00:00:00,2026-03-05 10:25:58.582,SJCVIETNAM,SJC Việt Nam,119000000.0,121000000,0.0,0,VND,1
2025-04-23,00:00:00,2026-03-05 10:26:00.715,SJCVIETNAM,SJC Việt Nam,122000000.0,124000000,0.0,0,VND,1
2025-04-24,00:00:00,2026-03-05 10:26:02.896,SJCVIETNAM,SJC Việt Nam,118500000.0,121500000,0.0,0,VND,1
2025-04-25,00:00:00,2026-03-05 10:26:05.034,SJCVIETNAM,SJC Việt Nam,119500000.0,121500000,0.0,0,VND,1
2025-04-26,00:00:00,2026-03-05 10:26:07.155,SJCVIETNAM,SJC Việt Nam,118500000.0,120500000,0.0,0,VND,1
2025-04-28,00:00:00,2026-03-05 10:26:11.401,SJCVIETNAM,SJC Việt Nam,118500000.0,120500000,0.0,0,VND,1
2025-04-29,00:00:00,2026-03-05 10:26:13.525,SJCVIETNAM,SJC Việt Nam,118800000.0,120800000,0.0,0,VND,1
2025-05-01,00:00:00,2026-03-05 10:26:17.769,SJCVIETNAM,SJC Việt Nam,119300000.0,121300000,0.0,0,VND,1
2025-05-02,00:00:00,2026-03-05 10:26:19.887,SJCVIETNAM,SJC Việt Nam,119300000.0,121300000,0.0,0,VND,1
2025-05-05,00:00:00,2026-03-05 10:26:26.624,SJCVIETNAM,SJC Việt Nam,117800000.0,119800000,0.0,0,VND,1
2025-05-06,00:00:00,2026-03-05 10:26:28.740,SJCVIETNAM,SJC Việt Nam,120800000.0,122800000,0.0,0,VND,1
2025-05-07,00:00:00,2026-03-05 10:26:30.859,SJCVIETNAM,SJC Việt Nam,120200000.0,122200000,0.0,0,VND,1
2025-05-08,00:00:00,2026-03-05 10:26:33.026,SJCVIETNAM,SJC Việt Nam,120700000.0,122700000,0.0,0,VND,1
2025-05-09,00:00:00,2026-03-05 10:26:35.141,SJCVIETNAM,SJC Việt Nam,118000000.0,120000000,0.0,0,VND,1
2025-05-10,00:00:00,2026-03-05 10:26:37.255,SJCVIETNAM,SJC Việt Nam,120000000.0,122000000,0.0,0,VND,1
2025-05-12,00:00:00,2026-03-05 10:26:41.515,SJCVIETNAM,SJC Việt Nam,119000000.0,121000000,0.0,0,VND,1
2025-05-13,00:00:00,2026-03-05 10:26:43.630,SJCVIETNAM,SJC Việt Nam,117500000.0,119500000,0.0,0,VND,1
2025-05-14,00:00:00,2026-03-05 10:26:45.745,SJCVIETNAM,SJC Việt Nam,118000000.0,120000000,0.0,0,VND,1
2025-05-15,00:00:00,2026-03-05 10:26:47.877,SJCVIETNAM,SJC Việt Nam,117400000.0,119400000,0.0,0,VND,1
2025-05-16,00:00:00,2026-03-05 10:26:50.006,SJCVIETNAM,SJC Việt Nam,118500000.0,120800000,0.0,0,VND,1
2025-05-17,00:00:00,2026-03-05 10:26:52.115,SJCVIETNAM,SJC Việt Nam,115500000.0,118500000,0.0,0,VND,1
2025-05-19,00:00:00,2026-03-05 10:26:56.361,SJCVIETNAM,SJC Việt Nam,116800000.0,119300000,0.0,0,VND,1
2025-05-20,00:00:00,2026-03-05 10:26:58.475,SJCVIETNAM,SJC Việt Nam,116800000.0,119300000,0.0,0,VND,1
2025-05-21,00:00:00,2026-03-05 10:27:00.592,SJCVIETNAM,SJC Việt Nam,118000000.0,120500000,0.0,0,VND,1
2025-05-22,00:00:00,2026-03-05 10:27:02.762,SJCVIETNAM,SJC Việt Nam,119300000.0,121300000,0.0,0,VND,1
2025-05-23,00:00:00,2026-03-05 10:27:04.882,SJCVIETNAM,SJC Việt Nam,118000000.0,120000000,0.0,0,VND,1
2025-05-24,00:00:00,2026-03-05 10:27:06.998,SJCVIETNAM,SJC Việt Nam,119500000.0,121500000,0.0,0,VND,1
2025-05-25,00:00:00,2026-03-05 10:27:09.118,SJCVIETNAM,SJC Việt Nam,119000000.0,121000000,0.0,0,VND,1
2025-05-26,00:00:00,2026-03-05 10:27:11.237,SJCVIETNAM,SJC Việt Nam,117000000.0,120000000,0.0,0,VND,1
2025-05-27,00:00:00,2026-03-05 10:27:13.379,SJCVIETNAM,SJC Việt Nam,116300000.0,118800000,0.0,0,VND,1
2025-05-28,00:00:00,2026-03-05 10:27:15.496,SJCVIETNAM,SJC Việt Nam,115800000.0,118300000,0.0,0,VND,1
2025-05-29,00:00:00,2026-03-05 10:27:17.618,SJCVIETNAM,SJC Việt Nam,114700000.0,117200000,0.0,0,VND,1
2025-05-30,00:00:00,2026-03-05 10:27:19.749,SJCVIETNAM,SJC Việt Nam,116500000.0,119000000,0.0,0,VND,1
2025-05-31,00:00:00,2026-03-05 10:27:21.871,SJCVIETNAM,SJC Việt Nam,115700000.0,118200000,0.0,0,VND,1
2025-06-02,00:00:00,2026-03-05 10:27:26.106,SJCVIETNAM,SJC Việt Nam,116000000.0,118500000,0.0,0,VND,1
2025-06-03,00:00:00,2026-03-05 10:27:28.238,SJCVIETNAM,SJC Việt Nam,116000000.0,118000000,0.0,0,VND,1
2025-06-05,00:00:00,2026-03-05 10:27:32.517,SJCVIETNAM,SJC Việt Nam,115400000.0,117700000,0.0,0,VND,1
2025-06-06,00:00:00,2026-03-05 10:27:34.631,SJCVIETNAM,SJC Việt Nam,116000000.0,118000000,0.0,0,VND,1
2025-06-07,00:00:00,2026-03-05 10:27:36.751,SJCVIETNAM,SJC Việt Nam,114900000.0,117200000,0.0,0,VND,1
2025-06-09,00:00:00,2026-03-05 10:27:40.991,SJCVIETNAM,SJC Việt Nam,115200000.0,117200000,0.0,0,VND,1
2025-06-10,00:00:00,2026-03-05 10:27:43.107,SJCVIETNAM,SJC Việt Nam,116000000.0,118000000,0.0,0,VND,1
2025-06-11,00:00:00,2026-03-05 10:27:45.225,SJCVIETNAM,SJC Việt Nam,116800000.0,118800000,0.0,0,VND,1
2025-06-12,00:00:00,2026-03-05 10:27:47.345,SJCVIETNAM,SJC Việt Nam,116800000.0,118800000,0.0,0,VND,1
2025-06-13,00:00:00,2026-03-05 10:27:49.469,SJCVIETNAM,SJC Việt Nam,118500000.0,120500000,0.0,0,VND,1
2025-06-14,00:00:00,2026-03-05 10:27:51.588,SJCVIETNAM,SJC Việt Nam,117800000.0,120300000,0.0,0,VND,1
2025-06-16,00:00:00,2026-03-05 10:27:55.822,SJCVIETNAM,SJC Việt Nam,118500000.0,120500000,0.0,0,VND,1
2025-06-17,00:00:00,2026-03-05 10:27:57.950,SJCVIETNAM,SJC Việt Nam,117300000.0,119300000,0.0,0,VND,1
2025-06-19,00:00:00,2026-03-05 10:28:02.254,SJCVIETNAM,SJC Việt Nam,117400000.0,119400000,0.0,0,VND,1
2025-06-21,00:00:00,2026-03-05 10:28:06.511,SJCVIETNAM,SJC Việt Nam,117700000.0,119700000,0.0,0,VND,1
2025-06-23,00:00:00,2026-03-05 10:28:10.745,SJCVIETNAM,SJC Việt Nam,117700000.0,119700000,0.0,0,VND,1
2025-06-24,00:00:00,2026-03-05 10:28:12.867,SJCVIETNAM,SJC Việt Nam,117700000.0,119700000,0.0,0,VND,1
2025-06-26,00:00:00,2026-03-05 10:28:17.104,SJCVIETNAM,SJC Việt Nam,117800000.0,119800000,0.0,0,VND,1
2025-06-27,00:00:00,2026-03-05 10:28:19.218,SJCVIETNAM,SJC Việt Nam,117700000.0,119700000,0.0,0,VND,1
2025-06-28,00:00:00,2026-03-05 10:28:21.350,SJCVIETNAM,SJC Việt Nam,117700000.0,119700000,0.0,0,VND,1
2025-06-30,00:00:00,2026-03-05 10:28:25.581,SJCVIETNAM,SJC Việt Nam,117500000.0,119500000,0.0,0,VND,1
2025-07-01,00:00:00,2026-03-05 10:28:27.698,SJCVIETNAM,SJC Việt Nam,118300000.0,120300000,0.0,0,VND,1
2025-07-02,00:00:00,2026-03-05 10:28:29.865,SJCVIETNAM,SJC Việt Nam,118700000.0,120700000,0.0,0,VND,1
2025-07-03,00:00:00,2026-03-05 10:28:31.986,SJCVIETNAM,SJC Việt Nam,118900000.0,120900000,0.0,0,VND,1
2025-07-04,00:00:00,2026-03-05 10:28:34.115,SJCVIETNAM,SJC Việt Nam,118900000.0,120900000,0.0,0,VND,1
2025-07-07,00:00:00,2026-03-05 10:28:40.469,SJCVIETNAM,SJC Việt Nam,118500000.0,120500000,0.0,0,VND,1
2025-07-08,00:00:00,2026-03-05 10:28:42.587,SJCVIETNAM,SJC Việt Nam,119000000.0,121000000,0.0,0,VND,1
2025-07-09,00:00:00,2026-03-05 10:28:44.710,SJCVIETNAM,SJC Việt Nam,118600000.0,120600000,0.0,0,VND,1
2025-07-10,00:00:00,2026-03-05 10:28:46.827,SJCVIETNAM,SJC Việt Nam,118800000.0,120800000,0.0,0,VND,1
2025-07-11,00:00:00,2026-03-05 10:28:48.945,SJCVIETNAM,SJC Việt Nam,119000000.0,121000000,0.0,0,VND,1
2025-07-12,00:00:00,2026-03-05 10:28:51.062,SJCVIETNAM,SJC Việt Nam,119500000.0,121500000,0.0,0,VND,1
2025-07-15,00:00:00,2026-03-05 10:28:57.420,SJCVIETNAM,SJC Việt Nam,119100000.0,121100000,0.0,0,VND,1
2025-07-16,00:00:00,2026-03-05 10:28:59.595,SJCVIETNAM,SJC Việt Nam,118600000.0,120600000,0.0,0,VND,1
2025-07-18,00:00:00,2026-03-05 10:29:03.908,SJCVIETNAM,SJC Việt Nam,119500000.0,121000000,0.0,0,VND,1
2025-07-19,00:00:00,2026-03-05 10:29:06.031,SJCVIETNAM,SJC Việt Nam,119700000.0,121200000,0.0,0,VND,1
2025-07-21,00:00:00,2026-03-05 10:29:10.277,SJCVIETNAM,SJC Việt Nam,120000000.0,121500000,0.0,0,VND,1
2025-07-22,00:00:00,2026-03-05 10:29:12.394,SJCVIETNAM,SJC Việt Nam,120000000.0,122000000,0.0,0,VND,1
2025-07-23,00:00:00,2026-03-05 10:29:14.525,SJCVIETNAM,SJC Việt Nam,120700000.0,122700000,0.0,0,VND,1
2025-07-24,00:00:00,2026-03-05 10:29:16.647,SJCVIETNAM,SJC Việt Nam,120000000.0,122000000,0.0,0,VND,1
2025-07-26,00:00:00,2026-03-05 10:29:20.886,SJCVIETNAM,SJC Việt Nam,119600000.0,121100000,0.0,0,VND,1
2025-07-29,00:00:00,2026-03-05 10:29:27.238,SJCVIETNAM,SJC Việt Nam,119500000.0,121000000,0.0,0,VND,1
2025-07-30,00:00:00,2026-03-05 10:29:29.355,SJCVIETNAM,SJC Việt Nam,119700000.0,121200000,0.0,0,VND,1
2025-07-31,00:00:00,2026-03-05 10:29:31.522,SJCVIETNAM,SJC Việt Nam,119700000.0,121200000,0.0,0,VND,1
2025-08-02,00:00:00,2026-03-05 10:29:35.750,SJCVIETNAM,SJC Việt Nam,121500000.0,123500000,0.0,0,VND,1
2025-08-04,00:00:00,2026-03-05 10:29:39.996,SJCVIETNAM,SJC Việt Nam,121700000.0,123300000,0.0,0,VND,1
2025-08-05,00:00:00,2026-03-05 10:29:42.111,SJCVIETNAM,SJC Việt Nam,122200000.0,123800000,0.0,0,VND,1
2025-08-06,00:00:00,2026-03-05 10:29:44.230,SJCVIETNAM,SJC Việt Nam,122400000.0,123800000,0.0,0,VND,1
2025-08-07,00:00:00,2026-03-05 10:29:46.347,SJCVIETNAM,SJC Việt Nam,122700000.0,124100000,0.0,0,VND,1
2025-08-08,00:00:00,2026-03-05 10:29:48.464,SJCVIETNAM,SJC Việt Nam,122600000.0,124000000,0.0,0,VND,1
2025-08-11,00:00:00,2026-03-05 10:29:54.809,SJCVIETNAM,SJC Việt Nam,122700000.0,123900000,0.0,0,VND,1
2025-08-12,00:00:00,2026-03-05 10:29:56.926,SJCVIETNAM,SJC Việt Nam,122700000.0,123900000,0.0,0,VND,1
2025-08-13,00:00:00,2026-03-05 10:29:59.433,SJCVIETNAM,SJC Việt Nam,122700000.0,123900000,0.0,0,VND,1
2025-08-14,00:00:00,2026-03-05 10:30:01.611,SJCVIETNAM,SJC Việt Nam,123500000.0,124700000,0.0,0,VND,1
2025-08-15,00:00:00,2026-03-05 10:30:03.729,SJCVIETNAM,SJC Việt Nam,123500000.0,124500000,0.0,0,VND,1
2025-08-18,00:00:00,2026-03-05 10:30:10.100,SJCVIETNAM,SJC Việt Nam,123700000.0,124700000,0.0,0,VND,1
2025-08-20,00:00:00,2026-03-05 10:30:14.368,SJCVIETNAM,SJC Việt Nam,123800000.0,124800000,0.0,0,VND,1
2025-08-21,00:00:00,2026-03-05 10:30:16.497,SJCVIETNAM,SJC Việt Nam,124400000.0,125400000,0.0,0,VND,1
2025-08-22,00:00:00,2026-03-05 10:30:18.615,SJCVIETNAM,SJC Việt Nam,124400000.0,125400000,0.0,0,VND,1
2025-08-23,00:00:00,2026-03-05 10:30:20.735,SJCVIETNAM,SJC Việt Nam,125600000.0,126600000,0.0,0,VND,1
2025-08-25,00:00:00,2026-03-05 10:30:24.987,SJCVIETNAM,SJC Việt Nam,125900000.0,126900000,0.0,0,VND,1
2025-08-26,00:00:00,2026-03-05 10:30:27.113,SJCVIETNAM,SJC Việt Nam,126100000.0,127700000,0.0,0,VND,1
2025-08-27,00:00:00,2026-03-05 10:30:29.240,SJCVIETNAM,SJC Việt Nam,126000000.0,128000000,0.0,0,VND,1
2025-08-28,00:00:00,2026-03-05 10:30:31.445,SJCVIETNAM,SJC Việt Nam,126000000.0,128000000,0.0,0,VND,1
2025-08-29,00:00:00,2026-03-05 10:30:33.564,SJCVIETNAM,SJC Việt Nam,127400000.0,128900000,0.0,0,VND,1
2025-08-30,00:00:00,2026-03-05 10:30:35.688,SJCVIETNAM,SJC Việt Nam,129100000.0,130600000,0.0,0,VND,1
2025-09-03,00:00:00,2026-03-05 10:30:44.187,SJCVIETNAM,SJC Việt Nam,131900000.0,133400000,0.0,0,VND,1
2025-09-04,00:00:00,2026-03-05 10:30:46.324,SJCVIETNAM,SJC Việt Nam,132400000.0,133900000,0.0,0,VND,1
2025-09-05,00:00:00,2026-03-05 10:30:48.584,SJCVIETNAM,SJC Việt Nam,132900000.0,134400000,0.0,0,VND,1
2025-09-06,00:00:00,2026-03-05 10:30:50.702,SJCVIETNAM,SJC Việt Nam,133900000.0,135400000,0.0,0,VND,1
2025-09-08,00:00:00,2026-03-05 10:30:54.940,SJCVIETNAM,SJC Việt Nam,133100000.0,135100000,0.0,0,VND,1
2025-09-09,00:00:00,2026-03-05 10:30:57.060,SJCVIETNAM,SJC Việt Nam,133800000.00000001,135800000,0.0,0,VND,1
2025-09-10,00:00:00,2026-03-05 10:30:59.182,SJCVIETNAM,SJC Việt Nam,133300000.00000001,135300000,0.0,0,VND,1
2025-09-11,00:00:00,2026-03-05 10:31:01.356,SJCVIETNAM,SJC Việt Nam,133300000.00000001,135300000,0.0,0,VND,1
2025-09-12,00:00:00,2026-03-05 10:31:03.494,SJCVIETNAM,SJC Việt Nam,129500000.0,132800000,0.0,0,VND,1
2025-09-13,00:00:00,2026-03-05 10:31:05.620,SJCVIETNAM,SJC Việt Nam,128100000.0,131100000,0.0,0,VND,1
2025-09-15,00:00:00,2026-03-05 10:31:09.875,SJCVIETNAM,SJC Việt Nam,128400000.0,131100000,0.0,0,VND,1
2025-09-16,00:00:00,2026-03-05 10:31:12.006,SJCVIETNAM,SJC Việt Nam,130000000.0,132000000,0.0,0,VND,1
2025-09-18,00:00:00,2026-03-05 10:31:16.258,SJCVIETNAM,SJC Việt Nam,130000000.0,132000000,0.0,0,VND,1
2025-09-19,00:00:00,2026-03-05 10:31:18.381,SJCVIETNAM,SJC Việt Nam,130000000.0,132000000,0.0,0,VND,1
2025-09-20,00:00:00,2026-03-05 10:31:20.518,SJCVIETNAM,SJC Việt Nam,131000000.0,133000000,0.0,0,VND,1
2025-09-22,00:00:00,2026-03-05 10:31:24.762,SJCVIETNAM,SJC Việt Nam,131300000.00000001,133300000,0.0,0,VND,1
2025-09-23,00:00:00,2026-03-05 10:31:26.888,SJCVIETNAM,SJC Việt Nam,132600000.0,134600000,0.0,0,VND,1
2025-09-24,00:00:00,2026-03-05 10:31:29.066,SJCVIETNAM,SJC Việt Nam,132800000.00000001,134800000,0.0,0,VND,1
2025-09-25,00:00:00,2026-03-05 10:31:31.198,SJCVIETNAM,SJC Việt Nam,132500000.0,134500000,0.0,0,VND,1
2025-09-27,00:00:00,2026-03-05 10:31:35.444,SJCVIETNAM,SJC Việt Nam,133000000.0,135000000,0.0,0,VND,1
2025-09-29,00:00:00,2026-03-05 10:31:39.688,SJCVIETNAM,SJC Việt Nam,133500000.0,135500000,0.0,0,VND,1
2025-09-30,00:00:00,2026-03-05 10:31:41.810,SJCVIETNAM,SJC Việt Nam,135300000.0,137300000,0.0,0,VND,1
2025-10-01,00:00:00,2026-03-05 10:31:43.928,SJCVIETNAM,SJC Việt Nam,136000000.0,138000000,0.0,0,VND,1
2025-10-02,00:00:00,2026-03-05 10:31:46.054,SJCVIETNAM,SJC Việt Nam,136000000.0,138000000,0.0,0,VND,1
2025-10-03,00:00:00,2026-03-05 10:31:48.193,SJCVIETNAM,SJC Việt Nam,135800000.0,137800000,0.0,0,VND,1
2025-10-04,00:00:00,2026-03-05 10:31:50.316,SJCVIETNAM,SJC Việt Nam,136600000.0,138600000,0.0,0,VND,1
2025-10-06,00:00:00,2026-03-05 10:31:54.677,SJCVIETNAM,SJC Việt Nam,137100000.0,139100000,0.0,0,VND,1
2025-10-07,00:00:00,2026-03-05 10:31:56.841,SJCVIETNAM,SJC Việt Nam,138600000.0,140600000,0.0,0,VND,1
2025-10-08,00:00:00,2026-03-05 10:31:59.018,SJCVIETNAM,SJC Việt Nam,139400000.0,141400000,0.0,0,VND,1
2025-10-09,00:00:00,2026-03-05 10:32:01.145,SJCVIETNAM,SJC Việt Nam,140500000.0,142500000,0.0,0,VND,1
2025-10-10,00:00:00,2026-03-05 10:32:03.276,SJCVIETNAM,SJC Việt Nam,139900000.0,141900000,0.0,0,VND,1
2025-10-11,00:00:00,2026-03-05 10:32:05.401,SJCVIETNAM,SJC Việt Nam,140800000.0,142800000,0.0,0,VND,1
2025-10-13,00:00:00,2026-03-05 10:32:09.647,SJCVIETNAM,SJC Việt Nam,141600000.0,143600000,0.0,0,VND,1
2025-10-14,00:00:00,2026-03-05 10:32:11.775,SJCVIETNAM,SJC Việt Nam,144900000.0,146400000,0.0,0,VND,1
2025-10-15,00:00:00,2026-03-05 10:32:13.907,SJCVIETNAM,SJC Việt Nam,145300000.0,147300000,0.0,0,VND,1
2025-10-16,00:00:00,2026-03-05 10:32:16.028,SJCVIETNAM,SJC Việt Nam,146600000.0,148600000,0.0,0,VND,1
2025-10-17,00:00:00,2026-03-05 10:32:18.156,SJCVIETNAM,SJC Việt Nam,150200000.0,152200000,0.0,0,VND,1
2025-10-18,00:00:00,2026-03-05 10:32:20.280,SJCVIETNAM,SJC Việt Nam,149500000.0,151000000,0.0,0,VND,1
2025-10-20,00:00:00,2026-03-05 10:32:24.534,SJCVIETNAM,SJC Việt Nam,150000000.0,151000000,0.0,0,VND,1
2025-10-21,00:00:00,2026-03-05 10:32:26.662,SJCVIETNAM,SJC Việt Nam,153600000.0,154600000,0.0,0,VND,1
2025-10-22,00:00:00,2026-03-05 10:32:28.848,SJCVIETNAM,SJC Việt Nam,146500000.0,148500000,0.0,0,VND,1
2025-10-23,00:00:00,2026-03-05 10:32:30.968,SJCVIETNAM,SJC Việt Nam,147500000.0,149500000,0.0,0,VND,1
2025-10-24,00:00:00,2026-03-05 10:32:33.091,SJCVIETNAM,SJC Việt Nam,147800000.0,149800000,0.0,0,VND,1
2025-10-25,00:00:00,2026-03-05 10:32:35.219,SJCVIETNAM,SJC Việt Nam,147200000.0,149200000,0.0,0,VND,1
2025-10-27,00:00:00,2026-03-05 10:32:39.460,SJCVIETNAM,SJC Việt Nam,147400000.0,148900000,0.0,0,VND,1
2025-10-28,00:00:00,2026-03-05 10:32:41.578,SJCVIETNAM,SJC Việt Nam,145700000.0,147200000,0.0,0,VND,1
2025-10-29,00:00:00,2026-03-05 10:32:43.707,SJCVIETNAM,SJC Việt Nam,144900000.0,146900000,0.0,0,VND,1
2025-10-30,00:00:00,2026-03-05 10:32:45.826,SJCVIETNAM,SJC Việt Nam,144600000.0,146600000,0.0,0,VND,1
2025-11-04,00:00:00,2026-03-05 10:32:56.467,SJCVIETNAM,SJC Việt Nam,146200000.0,148200000,0.0,0,VND,1
2025-11-05,00:00:00,2026-03-05 10:32:58.655,SJCVIETNAM,SJC Việt Nam,145000000.0,147000000,0.0,0,VND,1
2025-11-06,00:00:00,2026-03-05 10:33:00.778,SJCVIETNAM,SJC Việt Nam,145800000.0,147800000,0.0,0,VND,1
2025-11-10,00:00:00,2026-03-05 10:33:09.390,SJCVIETNAM,SJC Việt Nam,147600000.0,149600000,0.0,0,VND,1
2025-11-11,00:00:00,2026-03-05 10:33:11.516,SJCVIETNAM,SJC Việt Nam,150000000.0,152000000,0.0,0,VND,1
2025-11-12,00:00:00,2026-03-05 10:33:13.639,SJCVIETNAM,SJC Việt Nam,149500000.0,151500000,0.0,0,VND,1
2025-11-13,00:00:00,2026-03-05 10:33:15.761,SJCVIETNAM,SJC Việt Nam,151300000.0,153300000,0.0,0,VND,1
2025-11-14,00:00:00,2026-03-05 10:33:17.892,SJCVIETNAM,SJC Việt Nam,151100000.0,153100000,0.0,0,VND,1
2025-11-15,00:00:00,2026-03-05 10:33:20.016,SJCVIETNAM,SJC Việt Nam,149000000.0,151000000,0.0,0,VND,1
2025-11-17,00:00:00,2026-03-05 10:33:24.266,SJCVIETNAM,SJC Việt Nam,148500000.0,150500000,0.0,0,VND,1
2025-11-18,00:00:00,2026-03-05 10:33:26.385,SJCVIETNAM,SJC Việt Nam,147800000.0,149800000,0.0,0,VND,1
2025-11-19,00:00:00,2026-03-05 10:33:28.569,SJCVIETNAM,SJC Việt Nam,148700000.0,150700000,0.0,0,VND,1
2025-11-20,00:00:00,2026-03-05 10:33:30.692,SJCVIETNAM,SJC Việt Nam,149000000.0,151000000,0.0,0,VND,1
2025-11-21,00:00:00,2026-03-05 10:33:33.208,SJCVIETNAM,SJC Việt Nam,147800000.0,149800000,0.0,0,VND,1
2025-11-22,00:00:00,2026-03-05 10:33:35.328,SJCVIETNAM,SJC Việt Nam,148400000.0,150400000,0.0,0,VND,1
2025-11-25,00:00:00,2026-03-05 10:33:41.689,SJCVIETNAM,SJC Việt Nam,150400000.0,152400000,0.0,0,VND,1
2025-11-26,00:00:00,2026-03-05 10:33:43.808,SJCVIETNAM,SJC Việt Nam,150900000.0,152900000,0.0,0,VND,1
2025-11-28,00:00:00,2026-03-05 10:33:48.032,SJCVIETNAM,SJC Việt Nam,152200000.0,154200000,0.0,0,VND,1
2025-11-29,00:00:00,2026-03-05 10:33:50.156,SJCVIETNAM,SJC Việt Nam,152900000.0,154900000,0.0,0,VND,1
2025-12-01,00:00:00,2026-03-05 10:33:54.387,SJCVIETNAM,SJC Việt Nam,153200000.0,155200000,0.0,0,VND,1
2025-12-02,00:00:00,2026-03-05 10:33:56.503,SJCVIETNAM,SJC Việt Nam,152600000.0,154600000,0.0,0,VND,1
2025-12-03,00:00:00,2026-03-05 10:33:58.668,SJCVIETNAM,SJC Việt Nam,152800000.0,154800000,0.0,0,VND,1
2025-12-04,00:00:00,2026-03-05 10:34:00.785,SJCVIETNAM,SJC Việt Nam,152500000.0,154500000,0.0,0,VND,1
2025-12-05,00:00:00,2026-03-05 10:34:02.905,SJCVIETNAM,SJC Việt Nam,152200000.0,154200000,0.0,0,VND,1
2025-12-06,00:00:00,2026-03-05 10:34:05.023,SJCVIETNAM,SJC Việt Nam,152200000.0,154200000,0.0,0,VND,1
2025-12-08,00:00:00,2026-03-05 10:34:09.360,SJCVIETNAM,SJC Việt Nam,152500000.0,154500000,0.0,0,VND,1
2025-12-09,00:00:00,2026-03-05 10:34:11.554,SJCVIETNAM,SJC Việt Nam,152200000.0,154200000,0.0,0,VND,1
2025-12-10,00:00:00,2026-03-05 10:34:13.671,SJCVIETNAM,SJC Việt Nam,152700000.0,154700000,0.0,0,VND,1
2025-12-11,00:00:00,2026-03-05 10:34:15.798,SJCVIETNAM,SJC Việt Nam,153100000.0,155100000,0.0,0,VND,1
2025-12-12,00:00:00,2026-03-05 10:34:17.932,SJCVIETNAM,SJC Việt Nam,153600000.0,155600000,0.0,0,VND,1
2025-12-13,00:00:00,2026-03-05 10:34:20.050,SJCVIETNAM,SJC Việt Nam,153600000.0,155600000,0.0,0,VND,1
2025-12-15,00:00:00,2026-03-05 10:34:24.280,SJCVIETNAM,SJC Việt Nam,154300000.0,156300000,0.0,0,VND,1
2025-12-16,00:00:00,2026-03-05 10:34:26.397,SJCVIETNAM,SJC Việt Nam,154200000.0,156200000,0.0,0,VND,1
2025-12-17,00:00:00,2026-03-05 10:34:28.569,SJCVIETNAM,SJC Việt Nam,154200000.0,156200000,0.0,0,VND,1
2025-12-18,00:00:00,2026-03-05 10:34:30.687,SJCVIETNAM,SJC Việt Nam,154400000.0,156400000,0.0,0,VND,1
2025-12-20,00:00:00,2026-03-05 10:34:34.914,SJCVIETNAM,SJC Việt Nam,154600000.0,156600000,0.0,0,VND,1
2025-12-22,00:00:00,2026-03-05 10:34:39.151,SJCVIETNAM,SJC Việt Nam,155100000.0,157100000,0.0,0,VND,1
2025-12-23,00:00:00,2026-03-05 10:34:41.267,SJCVIETNAM,SJC Việt Nam,157000000.0,159000000,0.0,0,VND,1
2025-12-24,00:00:00,2026-03-05 10:34:43.417,SJCVIETNAM,SJC Việt Nam,157800000.0,159800000,0.0,0,VND,1
2025-12-25,00:00:00,2026-03-05 10:34:45.564,SJCVIETNAM,SJC Việt Nam,156800000.0,158800000,0.0,0,VND,1
2025-12-26,00:00:00,2026-03-05 10:34:47.702,SJCVIETNAM,SJC Việt Nam,157200000.0,159200000,0.0,0,VND,1
2025-12-27,00:00:00,2026-03-05 10:34:49.822,SJCVIETNAM,SJC Việt Nam,157700000.0,159700000,0.0,0,VND,1
2025-12-29,00:00:00,2026-03-05 10:34:54.059,SJCVIETNAM,SJC Việt Nam,157700000.0,159700000,0.0,0,VND,1
2025-12-30,00:00:00,2026-03-05 10:34:56.179,SJCVIETNAM,SJC Việt Nam,152200000.0,154200000,0.0,0,VND,1
2025-12-31,00:00:00,2026-03-05 10:34:58.361,SJCVIETNAM,SJC Việt Nam,152400000.0,154400000,0.0,0,VND,1
2026-01-05,00:00:00,2026-03-05 10:35:08.945,SJCVIETNAM,SJC Việt Nam,154200000.0,156200000,0.0,0,VND,1
2026-01-06,00:00:00,2026-03-05 10:35:11.058,SJCVIETNAM,SJC Việt Nam,155400000.0,157400000,0.0,0,VND,1
2026-01-07,00:00:00,2026-03-05 10:35:13.186,SJCVIETNAM,SJC Việt Nam,156600000.0,158600000,0.0,0,VND,1
2026-01-08,00:00:00,2026-03-05 10:35:15.312,SJCVIETNAM,SJC Việt Nam,156100000.0,158100000,0.0,0,VND,1
2026-01-09,00:00:00,2026-03-05 10:35:17.495,SJCVIETNAM,SJC Việt Nam,155200000.0,157200000,0.0,0,VND,1
2026-01-10,00:00:00,2026-03-05 10:35:19.704,SJCVIETNAM,SJC Việt Nam,156300000.0,158300000,0.0,0,VND,1
2026-01-12,00:00:00,2026-03-05 10:35:23.938,SJCVIETNAM,SJC Việt Nam,160000000.0,162000000,0.0,0,VND,1
2026-01-14,00:00:00,2026-03-05 10:35:28.226,SJCVIETNAM,SJC Việt Nam,160900000.0,162900000,0.0,0,VND,1
2026-01-15,00:00:00,2026-03-05 10:35:30.346,SJCVIETNAM,SJC Việt Nam,160800000.0,162800000,0.0,0,VND,1
2026-01-19,00:00:00,2026-03-05 10:35:38.819,SJCVIETNAM,SJC Việt Nam,163000000.0,165000000,0.0,0,VND,1
2026-01-20,00:00:00,2026-03-05 10:35:40.938,SJCVIETNAM,SJC Việt Nam,163000000.0,165000000,0.0,0,VND,1
2026-01-21,00:00:00,2026-03-05 10:35:43.057,SJCVIETNAM,SJC Việt Nam,167200000.0,169200000,0.0,0,VND,1
2026-01-22,00:00:00,2026-03-05 10:35:45.193,SJCVIETNAM,SJC Việt Nam,166700000.0,168700000,0.0,0,VND,1
2026-01-23,00:00:00,2026-03-05 10:35:47.325,SJCVIETNAM,SJC Việt Nam,171300000.0,173300000,0.0,0,VND,1
2026-01-24,00:00:00,2026-03-05 10:35:49.443,SJCVIETNAM,SJC Việt Nam,172300000.0,174300000,0.0,0,VND,1
