date,usd_vnd_rate,interest_rate_state,interest_rate_market,interest_rate_spread,dxy_index,fed_rate,World_Price_USD_Ounce,World_Price_VND,Domestic_Premium
2025-01-25,25060.0,4.92,5.32,0.40000000000000036,107.33999633789062,4.5,2737.5,82709699.8875,6090300.112499997
2025-01-26,25060.0,4.92,5.32,0.40000000000000036,107.33999633789062,4.5,2737.5,82709699.8875,
2025-01-27,25060.0,4.92,5.32,0.40000000000000036,107.33999633789062,4.5,2737.5,82709699.8875,
2025-01-28,25060.0,4.92,5.32,0.40000000000000036,107.87000274658203,4.5,2766.800048828125,83594959.52047291,
2025-01-29,25060.0,4.92,5.32,0.40000000000000036,108.0,4.5,2769.10009765625,83664452.25044581,
2025-01-30,25060.0,4.92,5.32,0.40000000000000036,107.80000305175781,4.5,2823.0,85292961.74700001,
2025-01-31,25060.0,4.92,5.32,0.40000000000000036,108.37000274658203,4.5,2812.5,84975719.06250001,
2025-02-01,25060.0,4.92,5.32,0.40000000000000036,108.37000274658203,4.5,2812.5,84975719.06250001,3824280.937499985
2025-02-02,25060.0,4.92,5.32,0.40000000000000036,108.37000274658203,4.5,2812.5,84975719.06250001,
2025-02-03,25060.0,4.92,5.32,0.40000000000000036,108.98999786376953,4.5,2833.89990234375,85622286.91655421,3177713.0834457874
2025-02-04,25280.0,4.92,5.32,0.40000000000000036,107.95999908447266,4.5,2853.300048828125,86965252.83382423,3334747.166175768
2025-02-05,25280.0,4.92,5.32,0.40000000000000036,107.58000183105469,4.5,2871.60009765625,87523016.94764845,3476983.0523515493
2025-02-06,25145.0,4.92,5.32,0.40000000000000036,107.69000244140625,4.5,2856.0,86582693.77800001,4617306.221999988
2025-02-07,25260.0,4.92,5.32,0.40000000000000036,108.04000091552734,4.5,2867.300048828125,87322817.27574684,2677182.7242531627
2025-02-08,25260.0,4.92,5.32,0.40000000000000036,108.04000091552734,4.5,2867.300048828125,87322817.27574684,
2025-02-09,25260.0,4.92,5.32,0.40000000000000036,108.04000091552734,4.5,2867.300048828125,87322817.27574684,
2025-02-10,25290.0,4.92,5.32,0.40000000000000036,108.31999969482422,4.5,2914.300048828125,88859597.84436293,1440402.1556370705
2025-02-11,25380.0,4.92,5.32,0.40000000000000036,107.95999908447266,4.5,2912.5,89120743.7625,3679256.237499997
2025-02-12,25530.0,4.92,5.32,0.40000000000000036,107.94000244140625,4.5,2909.0,89539731.25050001,660268.7494999915
2025-02-13,25550.0,4.92,5.32,0.40000000000000036,107.30999755859375,4.5,2925.89990234375,90130466.60101198,269533.3989880234
2025-02-14,25440.0,4.92,5.32,0.40000000000000036,106.56999969482422,4.5,2883.60009765625,88445020.92488673,2854979.0751132667
2025-02-15,25440.0,4.92,5.32,0.40000000000000036,106.56999969482422,4.5,2883.60009765625,88445020.92488673,1854979.0751132667
2025-02-16,25440.0,4.92,5.32,0.40000000000000036,106.56999969482422,4.5,2883.60009765625,88445020.92488673,
2025-02-17,25370.0,4.92,5.32,0.40000000000000036,106.56999969482422,4.5,2883.60009765625,88201658.05284497,2098341.9471550286
2025-02-18,25470.0,4.92,5.32,0.40000000000000036,107.05000305175781,4.5,2931.60009765625,90023298.7626189,776701.2373811007
2025-02-19,25500.0,4.92,5.32,0.40000000000000036,107.16999816894531,4.5,2919.39990234375,89754249.55264893,1945750.4473510683
2025-02-20,25515.0,4.92,5.32,0.40000000000000036,106.33999633789062,4.5,2940.0,90440749.665,1659250.3349999934
2025-02-21,25500.0,4.92,5.32,0.40000000000000036,106.61000061035156,4.5,2937.60009765625,90313797.72235109,1686202.2776489109
2025-02-22,25500.0,4.92,5.32,0.40000000000000036,106.61000061035156,4.5,2937.60009765625,90313797.72235109,1386202.2776489109
2025-02-23,25500.0,4.92,5.32,0.40000000000000036,106.61000061035156,4.5,2937.60009765625,90313797.72235109,
2025-02-24,25510.0,4.92,5.32,0.40000000000000036,106.5999984741211,4.5,2947.89990234375,90665997.04532154,834002.954678461
2025-02-25,25468.0,4.92,5.32,0.40000000000000036,106.30999755859375,4.5,2904.5,89184107.90390001,3115892.0960999876
2025-02-26,25520.0,4.92,5.32,0.40000000000000036,106.41999816894531,4.5,2916.800048828125,89744652.26075293,1955347.7392470688
2025-02-27,25535.0,4.92,5.32,0.40000000000000036,107.23999786376953,4.5,2883.199951171875,88762980.08956404,2737019.9104359597
2025-02-28,25520.0,4.92,5.32,0.40000000000000036,107.61000061035156,4.5,2836.800048828125,87283197.22075294,3616802.7792470604
2025-03-01,25520.0,4.92,5.32,0.40000000000000036,107.61000061035156,4.5,2836.800048828125,87283197.22075294,3016802.7792470604
2025-03-02,25520.0,4.92,5.32,0.40000000000000036,107.61000061035156,4.5,2836.800048828125,87283197.22075294,
2025-03-03,25530.0,4.92,5.32,0.40000000000000036,106.75,4.5,2890.199951171875,88961061.15095839,2038938.849041611
2025-03-04,25575.0,4.92,5.32,0.40000000000000036,105.73999786376953,4.5,2909.60009765625,89716060.57418153,1883939.425818473
2025-03-05,25540.0,4.92,5.32,0.40000000000000036,105.73999786376953,4.5,2915.300048828125,89768796.60883033,
2025-03-06,25490.0,4.92,5.32,0.40000000000000036,104.05999755859375,4.5,2916.60009765625,89633008.1582737,3366991.841726303
2025-03-07,25485.0,4.92,5.32,0.40000000000000036,103.83999633789062,4.5,2904.699951171875,89249782.37888251,3650217.6211174875
2025-03-08,25485.0,4.92,5.32,0.40000000000000036,103.83999633789062,4.5,2904.699951171875,89249782.37888251,3650217.6211174875
2025-03-09,25485.0,4.92,5.32,0.40000000000000036,103.83999633789062,4.5,2904.699951171875,89249782.37888251,
2025-03-10,25480.0,4.92,5.32,0.40000000000000036,103.91000366210938,4.5,2891.0,88811410.142,4288589.857999995
2025-03-11,25525.0,4.92,5.32,0.40000000000000036,103.44000244140625,4.5,2912.89990234375,89642211.50933045,2957788.4906695485
2025-03-12,25450.0,4.92,5.32,0.40000000000000036,103.61000061035156,4.5,2939.10009765625,90182737.53321412,3117262.466785878
2025-03-13,25445.0,4.92,5.32,0.40000000000000036,103.83000183105469,4.5,2984.300048828125,91551653.34921272,2648346.650787279
2025-03-14,25490.0,4.92,5.32,0.40000000000000036,103.72000122070312,4.5,2994.5,92027029.39825001,3572970.6017499864
2025-03-15,25490.0,4.92,5.32,0.40000000000000036,103.72000122070312,4.5,2994.5,92027029.39825001,
2025-03-16,25490.0,4.92,5.32,0.40000000000000036,103.72000122070312,4.5,2994.5,92027029.39825001,
2025-03-17,25500.0,4.92,5.32,0.40000000000000036,103.37000274658203,4.5,3000.0,92232225.00000001,3867774.999999985
2025-03-18,25510.0,4.92,5.32,0.40000000000000036,103.23999786376953,4.5,3035.10009765625,93347937.71917847,3552062.280821532
2025-03-19,25510.0,4.92,5.32,0.40000000000000036,103.43000030517578,4.5,3035.89990234375,93372536.61732154,5227463.382678464
2025-03-20,25535.0,4.92,5.32,0.40000000000000036,103.8499984741211,4.5,3040.0,93590269.16000001,6809730.839999989
2025-03-21,25545.0,4.92,5.32,0.40000000000000036,104.08999633789062,4.5,3018.199951171875,92955515.83852534,4744484.16147466
2025-03-22,25545.0,4.92,5.32,0.40000000000000036,104.08999633789062,4.5,3018.199951171875,92955515.83852534,4744484.16147466
2025-03-23,25545.0,4.92,5.32,0.40000000000000036,104.08999633789062,4.5,3018.199951171875,92955515.83852534,4444484.16147466
2025-03-24,25585.0,4.92,5.32,0.40000000000000036,104.26000213623047,4.5,3013.10009765625,92943758.63613392,4456241.363866076
2025-03-25,25620.0,4.92,5.32,0.40000000000000036,104.18000030517578,4.5,3023.699951171875,93398320.93786012,4001679.0621398836
2025-03-26,25600.0,4.92,5.32,0.40000000000000036,104.55000305175781,4.5,3020.89990234375,93238987.961875,4961012.038124993
2025-03-27,25555.0,4.92,5.32,0.40000000000000036,104.06999969482422,4.5,3060.199951171875,94285940.96773665,4114059.0322633535
2025-03-28,25560.0,4.92,5.32,0.40000000000000036,104.04000091552734,4.5,3086.5,95114861.811,4785138.188999996
2025-03-29,25560.0,4.92,5.32,0.40000000000000036,104.04000091552734,4.5,3086.5,95114861.811,5585138.188999996
2025-03-30,25560.0,4.92,5.32,0.40000000000000036,104.04000091552734,4.5,3086.5,95114861.811,
2025-03-31,25550.0,4.92,5.32,0.40000000000000036,104.20999908447266,4.5,3122.800048828125,96195849.10511903,4504150.894880965
2025-04-01,25565.0,4.92,5.32,0.40000000000000036,104.26000213623047,4.5,3118.89990234375,96132112.12352088,5967887.876479119
2025-04-02,25620.0,4.92,5.32,0.40000000000000036,103.80999755859375,4.5,3139.89990234375,96987592.52822022,4812407.471779779
2025-04-03,25600.0,4.92,5.32,0.40000000000000036,102.06999969482422,4.5,3097.0,95587790.08000001,6912209.919999987
2025-04-04,25600.0,4.92,5.32,0.40000000000000036,103.0199966430664,4.5,3012.0,92964295.68,8935704.319999993
2025-04-05,25600.0,4.92,5.32,0.40000000000000036,103.0199966430664,4.5,3012.0,92964295.68,7135704.319999993
2025-04-06,25600.0,4.92,5.32,0.40000000000000036,103.0199966430664,4.5,3012.0,92964295.68,
2025-04-07,25770.0,4.92,5.32,0.40000000000000036,103.26000213623047,4.5,2951.300048828125,91695713.47272034,
2025-04-08,25780.0,4.92,5.32,0.40000000000000036,102.95999908447266,4.5,2968.39990234375,92262787.60348195,7237212.396518052
2025-04-09,25995.0,4.92,5.32,0.40000000000000036,102.9000015258789,4.5,3056.5,95793374.503875,3806625.4961249977
2025-04-10,25960.0,4.92,5.32,0.40000000000000036,100.87000274658203,4.5,3155.199951171875,98753574.67654444,4646425.323455557
2025-04-11,25720.0,4.92,5.32,0.40000000000000036,99.77999877929688,4.5,3222.199951171875,99918222.94547315,6481777.054526851
2025-04-12,25720.0,4.92,5.32,0.40000000000000036,99.77999877929688,4.5,3222.199951171875,99918222.94547315,5981777.054526851
2025-04-13,25720.0,4.92,5.32,0.40000000000000036,99.77999877929688,4.5,3222.199951171875,99918222.94547315,
2025-04-14,25715.0,4.92,5.32,0.40000000000000036,99.63999938964844,4.5,3204.800048828125,99359344.50463252,7640655.495367482
2025-04-15,25824.0,4.92,5.32,0.40000000000000036,100.22000122070312,4.5,3218.699951171875,100213275.3944707,7486724.605529293
2025-04-16,25790.0,4.92,5.32,0.40000000000000036,99.37999725341797,4.5,3326.60009765625,103436350.36559547,6363649.634404525
2025-04-17,25830.0,4.92,5.32,0.40000000000000036,99.37999725341797,4.5,3308.699951171875,103039333.7030475,14960666.296952501
2025-04-18,25830.0,4.92,5.32,0.40000000000000036,99.37999725341797,4.5,3308.699951171875,103039333.7030475,16960666.2969525
2025-04-19,25830.0,4.92,5.32,0.40000000000000036,99.37999725341797,4.5,3308.699951171875,103039333.7030475,16960666.2969525
2025-04-20,25830.0,4.92,5.32,0.40000000000000036,99.37999725341797,4.5,3308.699951171875,103039333.7030475,
2025-04-21,25830.0,4.92,5.32,0.40000000000000036,98.27999877929688,4.5,3406.199951171875,106075672.80429749,7924327.195702508
2025-04-22,25871.0,4.92,5.32,0.40000000000000036,98.91999816894531,4.5,3400.800048828125,106075616.52993618,14924383.47006382
2025-04-23,25932.0,4.92,5.32,0.40000000000000036,99.83999633789062,4.5,3276.300048828125,102433245.16214722,21566754.837852776
2025-04-24,25965.0,4.92,5.32,0.40000000000000036,99.29000091552734,4.5,3332.0,104307267.89700001,17192732.102999985
2025-04-25,26026.0,4.92,5.32,0.40000000000000036,99.47000122070312,4.5,3282.39990234375,102995954.56027809,18504045.439721912
2025-04-26,26026.0,4.92,5.32,0.40000000000000036,99.47000122070312,4.5,3282.39990234375,102995954.56027809,17504045.439721912
2025-04-27,26026.0,4.92,5.32,0.40000000000000036,99.47000122070312,4.5,3282.39990234375,102995954.56027809,
2025-04-28,26019.0,4.92,5.32,0.40000000000000036,99.01000213623047,4.5,3332.5,104539882.99387501,15960117.006124988
2025-04-29,25970.0,4.92,5.32,0.40000000000000036,99.23999786376953,4.5,3318.800048828125,103914053.91224428,16885946.087755725
2025-04-30,25980.0,4.92,5.32,0.40000000000000036,99.47000122070312,4.5,3305.0,103521811.03500001,
2025-05-01,25980.0,4.92,5.32,0.40000000000000036,100.25,4.5,3210.0,100546146.27000001,20753853.72999999
2025-05-02,25980.0,4.92,5.32,0.40000000000000036,100.0,4.5,3231.89990234375,101232112.24643409,20067887.753565907
2025-05-03,25980.0,4.92,5.32,0.40000000000000036,100.0,4.5,3231.89990234375,101232112.24643409,
2025-05-04,25980.0,4.92,5.32,0.40000000000000036,100.0,4.5,3231.89990234375,101232112.24643409,
2025-05-05,25980.0,4.92,5.32,0.40000000000000036,99.83000183105469,4.5,3311.300048828125,103719146.12253296,16080853.877467036
2025-05-06,25942.0,4.92,5.32,0.40000000000000036,99.23999786376953,4.5,3411.39990234375,106698260.24982819,16101739.75017181
2025-05-07,25948.0,4.92,5.32,0.40000000000000036,99.61000061035156,4.5,3381.39990234375,105784411.78958175,16415588.210418254
2025-05-08,25953.0,4.92,5.32,0.40000000000000036,100.63999938964844,4.5,3296.60009765625,103151389.94355696,19548610.056443036
2025-05-09,25959.0,4.92,5.32,0.40000000000000036,100.33999633789062,4.5,3335.39990234375,104389572.87819661,15610427.121803388
2025-05-10,25959.0,4.92,5.32,0.40000000000000036,100.33999633789062,4.5,3335.39990234375,104389572.87819661,17610427.121803388
2025-05-11,25959.0,4.92,5.32,0.40000000000000036,100.33999633789062,4.5,3335.39990234375,104389572.87819661,
2025-05-12,25952.0,4.92,5.32,0.40000000000000036,101.79000091552734,4.5,3220.0,100750672.73600002,20249327.263999984
2025-05-13,25960.0,4.92,5.32,0.40000000000000036,101.0,4.5,3240.300048828125,101417094.89045557,18082905.109544426
2025-05-14,25951.0,4.92,5.32,0.40000000000000036,101.04000091552734,4.5,3181.39990234375,99539077.51395853,20460922.48604147
2025-05-15,25924.0,4.92,5.32,0.40000000000000036,100.87999725341797,4.5,3220.699951171875,100663848.49528375,18736151.504716247
2025-05-16,25920.0,4.92,5.32,0.40000000000000036,101.08999633789062,4.5,3182.0,99438925.53600001,21361074.463999987
2025-05-17,25920.0,4.92,5.32,0.40000000000000036,101.08999633789062,4.5,3182.0,99438925.53600001,19061074.463999987
2025-05-18,25920.0,4.92,5.32,0.40000000000000036,101.08999633789062,4.5,3182.0,99438925.53600001,
2025-05-19,25917.0,4.92,5.32,0.40000000000000036,100.43000030517578,4.5,3228.89990234375,100892889.72589667,18407110.27410333
2025-05-20,25932.0,4.92,5.32,0.40000000000000036,100.12000274658203,4.5,3280.300048828125,102558304.82534723,16741695.17465277
2025-05-21,25950.0,4.92,5.32,0.40000000000000036,99.55999755859375,4.5,3309.300048828125,103536804.82041688,16963195.179583117
2025-05-22,25950.0,4.92,5.32,0.40000000000000036,99.95999908447266,4.5,3292.300048828125,103004932.32291688,18295067.67708312
2025-05-23,25973.0,4.92,5.32,0.40000000000000036,99.11000061035156,4.5,3363.60009765625,105328942.14086175,14671057.85913825
2025-05-24,25973.0,4.92,5.32,0.40000000000000036,99.11000061035156,4.5,3363.60009765625,105328942.14086175,16171057.85913825
2025-05-25,25973.0,4.92,5.32,0.40000000000000036,99.11000061035156,4.5,3363.60009765625,105328942.14086175,15671057.85913825
2025-05-26,25946.0,4.92,5.32,0.40000000000000036,98.93000030517578,4.5,3363.60009765625,105219448.38050279,14780551.61949721
2025-05-27,25897.0,4.92,5.32,0.40000000000000036,99.5199966430664,4.5,3299.10009765625,103006872.16784857,15793127.832151428
2025-05-28,25903.0,4.92,5.32,0.40000000000000036,99.87999725341797,4.5,3293.60009765625,102858972.79232,15441027.207680002
2025-05-29,25950.0,4.92,5.32,0.40000000000000036,99.27999877929688,4.5,3317.10009765625,103780841.96458375,13419158.035416245
2025-05-30,25996.0,4.92,5.32,0.40000000000000036,99.33000183105469,4.5,3288.89990234375,103080955.30011027,15919044.699889734
2025-05-31,25996.0,4.92,5.32,0.40000000000000036,99.33000183105469,4.5,3288.89990234375,103080955.30011027,15119044.699889734
2025-06-01,25996.0,4.92,5.32,0.40000000000000036,99.33000183105469,4.5,3288.89990234375,103080955.30011027,
2025-06-02,26019.0,4.92,5.32,0.40000000000000036,98.69999694824219,4.5,3370.60009765625,105735075.71736775,12764924.282632247
2025-06-03,26022.0,4.92,5.32,0.40000000000000036,99.25,4.5,3350.199951171875,105107244.55795452,12892755.44204548
2025-06-04,26038.0,4.92,5.32,0.40000000000000036,98.79000091552734,4.5,3373.5,105903323.04045,
2025-06-05,26071.0,4.92,5.32,0.40000000000000036,98.73999786376953,4.5,3350.699951171875,105320880.06851491,12379119.931485087
2025-06-06,26056.0,4.92,5.32,0.40000000000000036,99.19000244140625,4.5,3322.699951171875,104380679.83837296,13619320.16162704
2025-06-07,26056.0,4.92,5.32,0.40000000000000036,99.19000244140625,4.5,3322.699951171875,104380679.83837296,12819320.16162704
2025-06-08,26056.0,4.92,5.32,0.40000000000000036,99.19000244140625,4.5,3322.699951171875,104380679.83837296,
2025-06-09,26047.0,4.92,5.32,0.40000000000000036,98.94000244140625,4.5,3332.10009765625,104639823.83590946,12560176.164090544
2025-06-10,26025.0,4.92,5.32,0.40000000000000036,99.05000305175781,4.5,3320.89990234375,104200013.22296083,13799986.77703917
2025-06-11,25990.0,4.92,5.32,0.40000000000000036,98.62999725341797,4.5,3321.300048828125,104072417.24657166,14727582.75342834
2025-06-12,26010.0,4.92,5.32,0.40000000000000036,97.91999816894531,4.5,3380.89990234375,106021492.96845192,12778507.031548083
2025-06-13,26020.0,4.92,5.32,0.40000000000000036,98.18000030517578,4.5,3431.199951171875,107640218.27381226,12859781.726187736
2025-06-14,26020.0,4.92,5.32,0.40000000000000036,98.18000030517578,4.5,3431.199951171875,107640218.27381226,12659781.726187736
2025-06-15,26020.0,4.92,5.32,0.40000000000000036,98.18000030517578,4.5,3431.199951171875,107640218.27381226,
2025-06-16,26050.0,4.92,5.32,0.40000000000000036,98.0,4.5,3396.39990234375,106671351.57589234,13828648.424107656
2025-06-17,26030.0,4.92,5.32,0.40000000000000036,98.81999969482422,4.5,3386.60009765625,106281906.23345289,13018093.766547114
2025-06-18,26072.0,4.92,5.32,0.40000000000000036,98.91000366210938,4.5,3389.800048828125,106553980.84548898,
2025-06-19,26092.0,4.92,5.32,0.40000000000000036,98.91000366210938,4.5,3389.800048828125,106635719.09406637,12764280.905933633
2025-06-20,26123.0,4.92,5.32,0.40000000000000036,98.70999908447266,4.5,3368.10009765625,106078969.18679765,
2025-06-21,26123.0,4.92,5.32,0.40000000000000036,98.70999908447266,4.5,3368.10009765625,106078969.18679765,13621030.813202351
2025-06-22,26123.0,4.92,5.32,0.40000000000000036,98.70999908447266,4.5,3368.10009765625,106078969.18679765,
2025-06-23,26119.0,4.92,5.32,0.40000000000000036,98.41999816894531,4.5,3377.699951171875,106365029.14897917,13334970.851020828
2025-06-24,26190.0,4.92,5.32,0.40000000000000036,97.86000061035156,4.5,3317.39990234375,104750131.40530884,14949868.594691157
2025-06-25,26150.0,4.92,5.32,0.40000000000000036,97.68000030517578,4.5,3327.10009765625,104895971.7861316,
2025-06-26,26150.0,4.92,5.32,0.40000000000000036,97.1500015258789,4.5,3333.5,105097746.29125,14702253.708749995
2025-06-27,26100.0,4.92,5.32,0.40000000000000036,97.4000015258789,4.5,3273.699951171875,103015038.6340027,16684961.3659973
2025-06-28,26100.0,4.92,5.32,0.40000000000000036,97.4000015258789,4.5,3273.699951171875,103015038.6340027,16684961.3659973
2025-06-29,26100.0,4.92,5.32,0.40000000000000036,97.4000015258789,4.5,3273.699951171875,103015038.6340027,
2025-06-30,26090.0,4.92,5.32,0.40000000000000036,96.87999725341797,4.5,3294.39990234375,103626694.69058277,15873305.309417233
2025-07-01,26118.0,4.92,5.32,0.40000000000000036,96.81999969482422,4.5,3336.699951171875,105069900.99033304,15230099.009666964
2025-07-02,26110.0,4.92,5.32,0.40000000000000036,96.77999877929688,4.5,3348.0,105393437.98200001,15306562.017999992
2025-07-03,26150.0,4.92,5.32,0.40000000000000036,97.18000030517578,4.5,3331.60009765625,105037846.6498816,15862153.350118399
2025-07-04,26175.0,4.92,5.32,0.40000000000000036,97.18000030517578,4.5,3332.5,105166664.259375,15733335.740624994
2025-07-05,26175.0,4.92,5.32,0.40000000000000036,97.18000030517578,4.5,3332.5,105166664.259375,
2025-07-06,26175.0,4.92,5.32,0.40000000000000036,97.18000030517578,4.5,3332.5,105166664.259375,
2025-07-07,26158.0,4.92,5.32,0.40000000000000036,97.4800033569336,4.5,3332.199951171875,105088898.41502826,15411101.58497174
2025-07-08,26120.0,4.92,5.32,0.40000000000000036,97.51000213623047,4.5,3307.0,104142648.44600001,16857351.55399999
2025-07-09,26110.0,4.92,5.32,0.40000000000000036,97.47000122070312,4.5,3311.60009765625,104247586.47357203,16352413.52642797
2025-07-10,26138.0,4.92,5.32,0.40000000000000036,97.6500015258789,4.5,3317.39990234375,104542150.99931128,16257849.000688717
2025-07-11,26100.0,4.92,5.32,0.40000000000000036,97.8499984741211,4.5,3356.0,105604812.54,15395187.459999993
2025-07-12,26100.0,4.92,5.32,0.40000000000000036,97.8499984741211,4.5,3356.0,105604812.54,15895187.459999993
2025-07-13,26100.0,4.92,5.32,0.40000000000000036,97.8499984741211,4.5,3356.0,105604812.54,
2025-07-14,26108.0,4.92,5.32,0.40000000000000036,98.08000183105469,4.5,3351.5,105495534.83530001,
2025-07-15,26100.0,4.92,5.32,0.40000000000000036,98.62000274658203,4.5,3329.800048828125,104780366.49349733,16319633.506502673
2025-07-16,26120.0,4.92,5.32,0.40000000000000036,98.38999938964844,4.5,3352.5,105575515.245,15024484.754999995
2025-07-17,26140.0,4.92,5.32,0.40000000000000036,98.7300033569336,4.5,3340.10009765625,105265562.58680421,
2025-07-18,26135.0,4.92,5.32,0.40000000000000036,98.4800033569336,4.5,3353.0,105651899.20075001,15348100.799249992
2025-07-19,26135.0,4.92,5.32,0.40000000000000036,98.4800033569336,4.5,3353.0,105651899.20075001,15548100.799249992
2025-07-20,26135.0,4.92,5.32,0.40000000000000036,98.4800033569336,4.5,3353.0,105651899.20075001,
2025-07-21,26140.0,4.92,5.32,0.40000000000000036,97.8499984741211,4.5,3401.89990234375,107213226.1351958,14286773.864804193
2025-07-22,26130.0,4.92,5.32,0.40000000000000036,97.38999938964844,4.5,3439.199951171875,108347298.23413661,13652701.765863389
2025-07-23,26120.0,4.92,5.32,0.40000000000000036,97.20999908447266,4.5,3394.10009765625,106885567.96514942,15814432.034850582
2025-07-24,26120.0,4.92,5.32,0.40000000000000036,97.37999725341797,4.5,3371.0,106158109.43800001,15841890.561999992
2025-07-25,26110.0,4.92,5.32,0.40000000000000036,97.6500015258789,4.5,3334.0,104952724.68100001,
2025-07-26,26110.0,4.92,5.32,0.40000000000000036,97.6500015258789,4.5,3334.0,104952724.68100001,16147275.31899999
2025-07-27,26110.0,4.92,5.32,0.40000000000000036,97.6500015258789,4.5,3334.0,104952724.68100001,
2025-07-28,26120.0,4.92,5.32,0.40000000000000036,98.66000366210938,4.5,3309.10009765625,104208783.83514942,
2025-07-29,26165.0,4.92,5.32,0.40000000000000036,98.91000366210938,4.5,3323.39990234375,104839415.81900233,16160584.18099767
2025-07-30,26195.0,4.92,5.32,0.40000000000000036,99.94000244140625,4.5,3295.800048828125,104087962.90973994,17112037.09026006
2025-07-31,26200.0,4.92,5.32,0.40000000000000036,100.02999877929688,4.5,3293.199951171875,104025698.85361573,17174301.14638427
2025-08-01,26197.0,4.92,5.32,0.40000000000000036,98.69000244140625,4.5,3347.699951171875,105735138.02527735,
2025-08-02,26197.0,4.92,5.32,0.40000000000000036,98.69000244140625,4.5,3347.699951171875,105735138.02527735,17764861.974722654
2025-08-03,26197.0,4.92,5.32,0.40000000000000036,98.69000244140625,4.5,3347.699951171875,105735138.02527735,
2025-08-04,26190.0,4.92,5.32,0.40000000000000036,98.77999877929688,4.5,3374.39990234375,106549961.89480884,16750038.105191156
2025-08-05,26174.0,4.92,5.32,0.40000000000000036,98.77999877929688,4.5,3381.89990234375,106721543.49418268,17078456.505817324
2025-08-06,26225.0,4.92,5.32,0.40000000000000036,98.18000030517578,4.5,3380.0,106869418.825,16930581.174999997
2025-08-07,26200.0,4.92,5.32,0.40000000000000036,98.4000015258789,4.5,3400.300048828125,107408779.95138429,16691220.048615709
2025-08-08,26190.0,4.92,5.32,0.40000000000000036,98.18000030517578,4.5,3439.10009765625,108592933.54744117,15407066.45255883
2025-08-09,26190.0,4.92,5.32,0.40000000000000036,98.18000030517578,4.5,3439.10009765625,108592933.54744117,
2025-08-10,26190.0,4.92,5.32,0.40000000000000036,98.18000030517578,4.5,3439.10009765625,108592933.54744117,
2025-08-11,26200.0,4.92,5.32,0.40000000000000036,98.5199966430664,4.5,3353.10009765625,105917826.47776857,17982173.52223143
2025-08-12,26231.0,4.92,5.32,0.40000000000000036,98.0999984741211,4.5,3348.89990234375,105910316.21841654,17989683.78158346
2025-08-13,26245.0,4.92,5.32,0.40000000000000036,97.83999633789062,4.5,3358.699951171875,106276938.5654416,17623061.434558406
2025-08-14,26265.0,4.92,5.32,0.40000000000000036,98.25,4.5,3335.199951171875,105613766.5619892,19086233.438010797
2025-08-15,26230.0,4.92,5.32,0.40000000000000036,97.8499984741211,4.5,3336.0,105498329.532,19001670.467999995
2025-08-16,26230.0,4.92,5.32,0.40000000000000036,97.8499984741211,4.5,3336.0,105498329.532,
2025-08-17,26230.0,4.92,5.32,0.40000000000000036,97.8499984741211,4.5,3336.0,105498329.532,
2025-08-18,26240.0,4.92,5.32,0.40000000000000036,98.16999816894531,4.5,3331.699951171875,105402512.57046095,19297487.429539055
2025-08-19,26275.0,4.92,5.32,0.40000000000000036,98.2699966430664,4.5,3313.39990234375,104963385.561651,
2025-08-20,26290.0,4.92,5.32,0.40000000000000036,98.22000122070312,4.5,3343.39990234375,105974203.72553492,18825796.274465084
2025-08-21,26370.0,4.92,5.32,0.40000000000000036,98.62000274658203,4.5,3336.89990234375,106090026.89466578,19309973.105334222
2025-08-22,26405.0,4.92,5.32,0.40000000000000036,97.72000122070312,4.5,3374.39990234375,107424656.12189491,17975343.87810509
2025-08-23,26405.0,4.92,5.32,0.40000000000000036,97.72000122070312,4.5,3374.39990234375,107424656.12189491,19175343.87810509
2025-08-24,26405.0,4.92,5.32,0.40000000000000036,97.72000122070312,4.5,3374.39990234375,107424656.12189491,
2025-08-25,26300.0,4.92,5.32,0.40000000000000036,98.43000030517578,4.5,3373.800048828125,106978459.35927124,19921540.640728757
2025-08-26,26300.0,4.92,5.32,0.40000000000000036,98.2300033569336,4.5,3388.60009765625,107447748.1135425,20252251.886457503
2025-08-27,26340.0,4.92,5.32,0.40000000000000036,98.2300033569336,4.5,3404.60009765625,108119275.87785207,19880724.122147933
2025-08-28,26374.0,4.92,5.32,0.40000000000000036,97.80999755859375,4.5,3431.800048828125,109123736.5492076,18876263.450792402
2025-08-29,26360.0,4.92,5.32,0.40000000000000036,97.7699966430664,4.5,3473.699951171875,110397428.88399659,18502571.11600341
2025-08-30,26360.0,4.92,5.32,0.40000000000000036,97.7699966430664,4.5,3473.699951171875,110397428.88399659,20202571.11600341
2025-08-31,26360.0,4.92,5.32,0.40000000000000036,97.7699966430664,4.5,3473.699951171875,110397428.88399659,
2025-09-01,26340.0,4.92,5.32,0.40000000000000036,97.7699966430664,4.5,3473.699951171875,110313667.55707398,
2025-09-02,26340.0,4.92,5.32,0.40000000000000036,98.4000015258789,4.5,3549.39990234375,112717657.35614796,
2025-09-03,26340.0,4.92,5.32,0.40000000000000036,98.13999938964844,4.5,3593.199951171875,114108607.66657399,19291392.333426014
2025-09-04,26365.0,4.92,5.32,0.40000000000000036,98.3499984741211,4.5,3565.800048828125,113345951.54314777,20554048.456852227
2025-09-05,26360.0,4.92,5.32,0.40000000000000036,97.7699966430664,4.5,3613.199951171875,114830869.17699659,19569130.82300341
2025-09-06,26360.0,4.92,5.32,0.40000000000000036,97.7699966430664,4.5,3613.199951171875,114830869.17699659,20569130.82300341
2025-09-07,26360.0,4.92,5.32,0.40000000000000036,97.7699966430664,4.5,3613.199951171875,114830869.17699659,
2025-09-08,26375.0,4.92,5.32,0.40000000000000036,97.44999694824219,4.5,3638.10009765625,115688013.21974793,19411986.78025207
2025-09-09,26385.0,4.92,5.32,0.40000000000000036,97.79000091552734,4.5,3643.300048828125,115897292.01160017,19902707.988399833
2025-09-10,26360.0,4.92,5.32,0.40000000000000036,97.77999877929688,4.5,3643.60009765625,115797014.22600685,19502985.77399315
2025-09-11,26370.0,4.92,5.32,0.40000000000000036,97.54000091552734,4.5,3636.89990234375,115627924.04466578,19672075.955334216
2025-09-12,26375.0,4.92,5.32,0.40000000000000036,97.55000305175781,4.5,3649.39990234375,116047335.92087708,16752664.079122916
2025-09-13,26375.0,4.92,5.32,0.40000000000000036,97.55000305175781,4.5,3649.39990234375,116047335.92087708,15052664.079122916
2025-09-14,26375.0,4.92,5.32,0.40000000000000036,97.55000305175781,4.5,3649.39990234375,116047335.92087708,
2025-09-15,26355.0,4.92,5.32,0.40000000000000036,97.30000305175781,4.5,3682.199951171875,117001556.40114094,14098443.598859057
2025-09-16,26355.0,4.92,5.32,0.40000000000000036,96.62999725341797,4.5,3688.89990234375,117214446.71815687,14785553.281843126
2025-09-17,26381.0,4.92,5.32,0.40000000000000036,96.87000274658203,4.5,3681.800048828125,117104262.55980968,
2025-09-18,26340.0,4.92,5.32,0.40000000000000036,97.3499984741211,4.5,3643.699951171875,115712327.12707399,16287672.872926012
2025-09-19,26355.0,4.92,5.32,0.40000000000000036,97.63999938964844,4.5,3671.5,116661566.46112502,15338433.538874984
2025-09-20,26355.0,4.92,5.32,0.40000000000000036,97.63999938964844,4.5,3671.5,116661566.46112502,16338433.538874984
2025-09-21,26355.0,4.92,5.32,0.40000000000000036,97.63999938964844,4.5,3671.5,116661566.46112502,
2025-09-22,26355.0,4.92,5.32,0.40000000000000036,97.33000183105469,4.5,3740.699951171875,118860388.38751595,14439611.612484053
2025-09-23,26395.0,4.92,5.32,0.40000000000000036,97.26000213623047,4.5,3780.60009765625,120310535.00177772,14289464.998222277
2025-09-24,26395.0,4.92,5.32,0.40000000000000036,97.87000274658203,4.5,3732.10009765625,118767113.11190271,16032886.888097286
2025-09-25,26395.0,4.92,5.32,0.40000000000000036,98.55000305175781,4.5,3736.89990234375,118919857.9288473,15580142.071152702
2025-09-26,26380.0,4.92,5.32,0.40000000000000036,98.1500015258789,4.5,3775.300048828125,120073595.49208082,
2025-09-27,26380.0,4.92,5.32,0.40000000000000036,98.1500015258789,4.5,3775.300048828125,120073595.49208082,14926404.507919177
2025-09-28,26380.0,4.92,5.32,0.40000000000000036,98.1500015258789,4.5,3775.300048828125,120073595.49208082,
2025-09-29,26385.0,4.92,5.32,0.40000000000000036,97.91000366210938,4.5,3820.89990234375,121546934.3161747,13953065.6838253
2025-09-30,26414.0,4.92,5.32,0.40000000000000036,97.7699966430664,4.5,3840.800048828125,122314268.5302624,14985731.469737604
2025-10-01,26425.0,4.92,5.32,0.40000000000000036,97.70999908447266,4.5,3867.5,123215847.58437501,14784152.415624991
2025-10-02,26405.0,4.92,5.32,0.40000000000000036,97.8499984741211,4.5,3839.699951171875,122237570.76907246,15762429.230927542
2025-10-03,26393.0,4.92,5.32,0.40000000000000036,97.72000122070312,4.5,3880.800048828125,123489853.47610612,14310146.523893878
2025-10-04,26393.0,4.92,5.32,0.40000000000000036,97.72000122070312,4.5,3880.800048828125,123489853.47610612,15110146.523893878
2025-10-05,26393.0,4.92,5.32,0.40000000000000036,97.72000122070312,4.5,3880.800048828125,123489853.47610612,
2025-10-06,26375.0,4.92,5.32,0.40000000000000036,98.11000061035156,4.5,3948.5,125558425.53437501,13541574.465624988
2025-10-07,26340.0,4.92,5.32,0.40000000000000036,98.58000183105469,4.5,3976.60009765625,126284177.48985206,14315822.510147944
2025-10-08,26340.0,4.92,5.32,0.40000000000000036,98.8499984741211,4.5,4043.300048828125,128402355.89992604,12997644.100073963
2025-10-09,26335.0,4.92,5.32,0.40000000000000036,99.54000091552734,4.5,3946.300048828125,125298154.97965668,17201845.02034332
2025-10-10,26346.0,4.92,5.32,0.40000000000000036,98.9800033569336,4.5,3975.89990234375,126290702.77495153,15609297.225048468
2025-10-11,26346.0,4.92,5.32,0.40000000000000036,98.9800033569336,4.5,3975.89990234375,126290702.77495153,16509297.225048468
2025-10-12,26346.0,4.92,5.32,0.40000000000000036,98.9800033569336,4.5,3975.89990234375,126290702.77495153,
2025-10-13,26310.0,4.92,5.32,0.40000000000000036,99.2699966430664,4.5,4108.60009765625,130327471.85061988,13272528.149380118
2025-10-14,26325.0,4.92,5.32,0.40000000000000036,99.05000305175781,4.5,4138.7001953125,131357113.91684693,15042886.083153069
2025-10-15,26343.0,4.92,5.32,0.40000000000000036,98.79000091552734,4.5,4176.89990234375,132660170.17174974,14639829.82825026
2025-10-16,26315.0,4.92,5.32,0.40000000000000036,98.38999938964844,4.5,4280.2001953125,135796540.86256716,12803459.137432843
2025-10-17,26310.0,4.92,5.32,0.40000000000000036,98.43000030517578,4.5,4189.89990234375,132906354.62213014,19293645.37786986
2025-10-18,26310.0,4.92,5.32,0.40000000000000036,98.43000030517578,4.5,4189.89990234375,132906354.62213014,18093645.37786986
2025-10-19,26310.0,4.92,5.32,0.40000000000000036,98.43000030517578,4.5,4189.89990234375,132906354.62213014,
2025-10-20,26337.0,4.92,5.32,0.40000000000000036,98.58999633789062,4.5,4336.39990234375,137694590.94152117,13305409.058478832
2025-10-21,26330.0,4.92,5.32,0.40000000000000036,98.93000030517578,4.5,4087.699951171875,129763072.29661268,24836927.70338732
2025-10-22,26333.0,4.92,5.32,0.40000000000000036,98.9000015258789,4.5,4044.39990234375,128403150.83595213,20096849.164047867
2025-10-23,26345.0,4.92,5.32,0.40000000000000036,98.94000244140625,4.5,4125.5,131037634.58087501,18462365.41912499
2025-10-24,26312.0,4.92,5.32,0.40000000000000036,98.94999694824219,4.5,4118.39990234375,130648258.73756465,19151741.262435347
2025-10-25,26312.0,4.92,5.32,0.40000000000000036,98.94999694824219,4.5,4118.39990234375,130648258.73756465,18551741.262435347
2025-10-26,26312.0,4.92,5.32,0.40000000000000036,98.94999694824219,4.5,4118.39990234375,130648258.73756465,
2025-10-27,26280.0,4.92,5.32,0.40000000000000036,98.77999877929688,4.5,4001.89990234375,126798125.42161232,22101874.578387678
2025-10-28,26280.0,4.92,5.32,0.40000000000000036,98.69000244140625,4.5,3966.199951171875,125666990.96130617,21533009.03869383
2025-10-29,26308.0,4.92,5.32,0.40000000000000036,99.22000122070312,4.5,3983.699951171875,126355951.93599781,20544048.064002186
2025-10-30,26335.0,4.92,5.32,0.40000000000000036,99.52999877929688,4.5,4001.300048828125,127044448.58090669,19555551.41909331
2025-10-31,26315.0,4.92,5.32,0.40000000000000036,99.80000305175781,4.5,3982.199951171875,126341982.55129573,
2025-11-01,26315.0,4.92,5.32,0.40000000000000036,99.80000305175781,4.5,3982.199951171875,126341982.55129573,
2025-11-02,26315.0,4.92,5.32,0.40000000000000036,99.80000305175781,4.5,3982.199951171875,126341982.55129573,
2025-11-03,26310.0,4.92,5.32,0.40000000000000036,99.87000274658203,4.5,4000.300048828125,126892123.74430995,
2025-11-04,26309.0,4.92,5.32,0.40000000000000036,100.22000122070312,4.5,3947.699951171875,125218854.83324395,22981145.16675605
2025-11-05,26295.0,4.92,5.32,0.40000000000000036,100.19999694824219,4.5,3980.300048828125,126185727.9830019,20814272.016998097
2025-11-06,26300.0,4.92,5.32,0.40000000000000036,99.7300033569336,4.5,3979.89990234375,126197034.14395753,21602965.856042475
2025-11-07,26285.0,4.92,5.32,0.40000000000000036,99.5999984741211,4.5,3999.39990234375,126743023.59907362,
2025-11-08,26285.0,4.92,5.32,0.40000000000000036,99.5999984741211,4.5,3999.39990234375,126743023.59907362,
2025-11-09,26285.0,4.92,5.32,0.40000000000000036,99.5999984741211,4.5,3999.39990234375,126743023.59907362,
2025-11-10,26280.0,4.92,5.32,0.40000000000000036,99.62000274658203,4.5,4111.7998046875,130280246.89922462,19319753.100775376
2025-11-11,26270.0,4.92,5.32,0.40000000000000036,99.45999908447266,4.5,4106.7998046875,130072310.8573794,21927689.142620593
2025-11-12,26280.0,4.92,5.32,0.40000000000000036,99.4800033569336,4.5,4204.39990234375,133214233.02661231,18285766.97338769
2025-11-13,26280.0,4.92,5.32,0.40000000000000036,99.18000030517578,4.5,4186.89990234375,132659754.59161232,20640245.408387676
2025-11-14,26320.0,4.92,5.32,0.40000000000000036,99.2699966430664,4.5,4087.60009765625,129710620.31969728,23389379.680302724
2025-11-15,26320.0,4.92,5.32,0.40000000000000036,99.2699966430664,4.5,4087.60009765625,129710620.31969728,21289379.680302724
2025-11-16,26320.0,4.92,5.32,0.40000000000000036,99.2699966430664,4.5,4087.60009765625,129710620.31969728,
2025-11-17,26325.0,4.92,5.32,0.40000000000000036,99.58999633789062,4.5,4068.300048828125,129122702.235618,21377297.764382005
2025-11-18,26335.0,4.92,5.32,0.40000000000000036,99.55000305175781,4.5,4061.300048828125,128949496.14590669,20850503.854093313
2025-11-19,26378.0,4.92,5.32,0.40000000000000036,100.2300033569336,4.5,4077.699951171875,129681606.04102693,21018393.958973065
2025-11-20,26376.0,4.92,5.32,0.40000000000000036,100.16000366210938,4.5,4056.5,128997610.2786,22002389.721399993
2025-11-21,26366.0,4.92,5.32,0.40000000000000036,100.18000030517578,4.5,4076.699951171875,129590822.52577338,20209177.474226624
2025-11-22,26366.0,4.92,5.32,0.40000000000000036,100.18000030517578,4.5,4076.699951171875,129590822.52577338,20809177.474226624
2025-11-23,26366.0,4.92,5.32,0.40000000000000036,100.18000030517578,4.5,4076.699951171875,129590822.52577338,
2025-11-24,26349.0,4.92,5.32,0.40000000000000036,100.13999938964844,4.5,4091.89990234375,129990133.34070331,
2025-11-25,26350.0,4.92,5.32,0.40000000000000036,99.66000366210938,4.5,4139.2001953125,131497743.9528589,20902256.047141105
2025-11-26,26343.0,4.92,5.32,0.40000000000000036,99.5999984741211,4.5,4165.2001953125,132288582.35255055,20611417.64744945
2025-11-27,26350.0,4.92,5.32,0.40000000000000036,99.5999984741211,4.5,4165.2001953125,132323734.7678589,
2025-11-28,26372.0,4.92,5.32,0.40000000000000036,99.45999908447266,4.5,4218.2998046875,134122537.2029006,20077462.797099397
2025-11-29,26372.0,4.92,5.32,0.40000000000000036,99.45999908447266,4.5,4218.2998046875,134122537.2029006,20777462.797099397
2025-11-30,26372.0,4.92,5.32,0.40000000000000036,99.45999908447266,4.5,4218.2998046875,134122537.2029006,
2025-12-01,26330.0,4.92,5.32,0.40000000000000036,99.41000366210938,4.5,4239.2998046875,134575573.9447007,20624426.055299312
2025-12-02,26340.0,4.92,5.32,0.40000000000000036,99.36000061035156,4.5,4186.60009765625,132953109.89985207,21646890.100147933
2025-12-03,26340.0,4.92,5.32,0.40000000000000036,98.8499984741211,4.5,4199.2998046875,133356412.2227959,21443587.777204096
2025-12-04,26345.0,4.92,5.32,0.40000000000000036,98.98999786376953,4.5,4211.7998046875,133778762.26746851,20721237.732531488
2025-12-05,26340.0,4.92,5.32,0.40000000000000036,98.98999786376953,4.5,4212.89990234375,133788308.08964796,20411691.910352036
2025-12-06,26340.0,4.92,5.32,0.40000000000000036,98.98999786376953,4.5,4212.89990234375,133788308.08964796,20411691.910352036
2025-12-07,26340.0,4.92,5.32,0.40000000000000036,98.98999786376953,4.5,4212.89990234375,133788308.08964796,
2025-12-08,26320.0,4.92,5.32,0.40000000000000036,99.08999633789062,4.5,4187.2001953125,132871201.13539454,21628798.864605457
2025-12-09,26320.0,4.92,5.32,0.40000000000000036,99.22000122070312,4.5,4206.7001953125,133489988.94139454,20710011.058605462
2025-12-10,26340.0,4.92,5.32,0.40000000000000036,98.79000091552734,4.5,4196.39990234375,133264320.54314797,21435679.456852034
2025-12-11,26355.0,4.92,5.32,0.40000000000000036,98.3499984741211,4.5,4285.5,136171358.591625,18928641.408374995
2025-12-12,26300.0,4.92,5.32,0.40000000000000036,98.4000015258789,4.5,4300.10009765625,136350132.4560425,19249867.5439575
2025-12-13,26300.0,4.92,5.32,0.40000000000000036,98.4000015258789,4.5,4300.10009765625,136350132.4560425,19249867.5439575
2025-12-14,26300.0,4.92,5.32,0.40000000000000036,98.4000015258789,4.5,4300.10009765625,136350132.4560425,
2025-12-15,26303.0,4.92,5.32,0.40000000000000036,98.1500015258789,4.5,4306.7001953125,136574989.3988564,19725010.6011436
2025-12-16,26290.0,4.92,5.32,0.40000000000000036,98.1500015258789,4.5,4304.5,136437749.97325,19762250.02675
2025-12-17,26310.0,4.92,5.32,0.40000000000000036,98.37000274658203,4.5,4347.5,137905532.39625,18294467.60374999
2025-12-18,26300.0,4.92,5.32,0.40000000000000036,98.43000030517578,4.5,4339.5,137599448.00250003,18800551.997499973
2025-12-19,26285.0,4.92,5.32,0.40000000000000036,98.5999984741211,4.5,4361.39990234375,138214988.30957362,
2025-12-20,26285.0,4.92,5.32,0.40000000000000036,98.5999984741211,4.5,4361.39990234375,138214988.30957362,18385011.69042638
2025-12-21,26285.0,4.92,5.32,0.40000000000000036,98.5999984741211,4.5,4361.39990234375,138214988.30957362,
2025-12-22,26265.0,4.92,5.32,0.40000000000000036,98.29000091552734,4.5,4444.60009765625,140744472.30977163,16355527.690228373
2025-12-23,26300.0,4.92,5.32,0.40000000000000036,97.94000244140625,4.5,4482.7998046875,142143283.47291505,16856716.527084947
2025-12-24,26326.0,4.92,5.32,0.40000000000000036,97.9800033569336,4.5,4480.60009765625,142213986.7767437,17586013.22325629
2025-12-25,26326.0,4.92,5.32,0.40000000000000036,97.9800033569336,4.5,4480.60009765625,142213986.7767437,16586013.22325629
2025-12-26,26277.0,4.92,5.32,0.40000000000000036,98.0199966430664,4.5,4529.10009765625,143485808.9917895,15714191.00821051
2025-12-27,26277.0,4.92,5.32,0.40000000000000036,98.0199966430664,4.5,4529.10009765625,143485808.9917895,16214191.00821051
2025-12-28,26277.0,4.92,5.32,0.40000000000000036,98.0199966430664,4.5,4529.10009765625,143485808.9917895,
2025-12-29,26255.0,4.92,5.32,0.40000000000000036,98.04000091552734,4.5,4325.10009765625,136908192.26906922,22791807.730930775
2025-12-30,26245.0,4.92,5.32,0.40000000000000036,98.23999786376953,4.5,4370.10009765625,138279949.49099183,15920050.50900817
2025-12-31,26225.0,4.92,5.32,0.40000000000000036,98.27999877929688,4.5,4325.60009765625,136767564.64671203,17632435.353287965
2026-01-01,26225.0,4.92,5.32,0.40000000000000036,98.27999877929688,4.5,4325.60009765625,136767564.64671203,
2026-01-02,26295.0,4.92,5.32,0.40000000000000036,98.41999816894531,4.5,4314.39990234375,136777550.89024624,
2026-01-03,26295.0,4.92,5.32,0.40000000000000036,98.41999816894531,4.5,4314.39990234375,136777550.89024624,
2026-01-04,26295.0,4.92,5.32,0.40000000000000036,98.41999816894531,4.5,4314.39990234375,136777550.89024624,
2026-01-05,26295.0,4.92,5.32,0.40000000000000036,98.2699966430664,4.5,4436.89990234375,140661115.31712124,15538884.682878762
2026-01-06,26269.0,4.92,5.32,0.40000000000000036,98.58000183105469,4.5,4482.2001953125,141956747.79745513,15443252.202544868
2026-01-07,26274.0,4.92,5.32,0.40000000000000036,98.68000030517578,4.5,4449.2998046875,140941573.7843675,17658426.2156325
2026-01-08,26271.0,4.92,5.32,0.40000000000000036,98.93000030517578,4.5,4449.7001953125,140938162.7144111,17161837.28558889
2026-01-09,26230.0,4.92,5.32,0.40000000000000036,99.12999725341797,4.5,4490.2998046875,142002136.83824855,15197863.16175145
2026-01-10,26230.0,4.92,5.32,0.40000000000000036,99.12999725341797,4.5,4490.2998046875,142002136.83824855,16297863.16175145
2026-01-11,26230.0,4.92,5.32,0.40000000000000036,99.12999725341797,4.5,4490.2998046875,142002136.83824855,
2026-01-12,26225.0,4.92,5.32,0.40000000000000036,98.86000061035156,4.5,4604.2998046875,145579539.71095094,16420460.28904906
2026-01-13,26270.0,4.92,5.32,0.40000000000000036,99.12999725341797,4.5,4589.2001953125,145351101.29062063,
2026-01-14,26250.0,4.92,5.32,0.40000000000000036,99.12999725341797,4.5,4626.2998046875,146414581.93743896,16485418.062561035
2026-01-15,26230.0,4.92,5.32,0.40000000000000036,99.31999969482422,4.5,4616.2998046875,145986785.97524855,16813214.024751455
2026-01-16,26230.0,4.92,5.32,0.40000000000000036,99.38999938964844,4.5,4588.39990234375,145104473.8974993,
2026-01-17,26230.0,4.92,5.32,0.40000000000000036,99.38999938964844,4.5,4588.39990234375,145104473.8974993,
2026-01-18,26230.0,4.92,5.32,0.40000000000000036,99.38999938964844,4.5,4588.39990234375,145104473.8974993,
2026-01-19,26235.0,4.92,5.32,0.40000000000000036,99.38999938964844,4.5,4588.39990234375,145132133.91921058,19867866.080789417
2026-01-20,26225.0,4.92,5.32,0.40000000000000036,98.63999938964844,4.5,4759.60009765625,150489850.96921206,14510149.030787945
2026-01-21,26264.0,4.92,5.32,0.40000000000000036,98.76000213623047,4.5,4831.7998046875,152999866.58827227,16200133.411727726
2026-01-22,26225.0,4.92,5.32,0.40000000000000036,98.36000061035156,4.5,4908.7998046875,155207272.85657594,13492727.143424064
2026-01-23,26267.0,4.92,5.32,0.40000000000000036,97.5999984741211,4.5,4976.2001953125,157590331.2918242,15709668.708175808
2026-01-24,26267.0,4.92,5.32,0.40000000000000036,97.5999984741211,4.5,4976.2001953125,157590331.2918242,16709668.708175808
2026-01-25,26267.0,4.92,5.32,0.40000000000000036,97.5999984741211,4.5,4976.2001953125,157590331.2918242,
