usd_vnd_rate,fed_rate,cpi_inflation_yoy,dxy_index,interest_rate_state,interest_rate_market,price_change_pct,volatility_index,news_volume,sentiment_score,daily_return_pct,world_return_pct,premium_pct,spread_margin_pct,gold_code_BT9999NTT,gold_code_BTSJC,gold_code_DOHCML,gold_code_DOHNL,gold_code_DOJINHTV,gold_code_PQHN24NTT,gold_code_PQHNVM,gold_code_SJ9999,gold_code_SJL1L10,gold_code_VIETTINMSJC,gold_code_VNGSJC
0.35022047273082096,0.0,-0.46625240412015945,0.5579326824810373,-8.881784197001252e-16,0.0,0.042330437067607606,-1.6588661857221565,-0.17966575129533666,0.31580676135604896,0.49386447190729715,0.0,-0.5608275195606912,0.3761198221723217,1,0,0,0,0,0,0,0,0,0,0
0.35022047273082096,0.0,-0.46625240412015945,0.5579326824810373,-8.881784197001252e-16,0.0,0.042330437067607606,-1.6588661857221565,-0.17966575129533666,0.31580676135604896,0.49386447190729715,0.0,-0.5608275195606912,-4.073605320305477,0,1,0,0,0,0,0,0,0,0,0
0.35022047273082096,0.0,-0.46625240412015945,0.5579326824810373,-8.881784197001252e-16,0.0,0.042330437067607606,-1.6588661857221565,-0.17966575129533666,0.31580676135604896,0.6220273685787853,0.0,-0.4377619196570912,-4.098600134136959,0,0,1,0,0,0,0,0,0,0,0
0.35022047273082096,0.0,-0.46625240412015945,0.5579326824810373,-8.881784197001252e-16,0.0,0.042330437067607606,-1.6588661857221565,-0.17966575129533666,0.31580676135604896,0.6220273685787853,0.0,-0.4377619196570912,-4.098600134136959,0,0,0,1,0,0,0,0,0,0,0
0.35022047273082096,0.0,-0.46625240412015945,0.5579326824810373,-8.881784197001252e-16,0.0,0.042330437067607606,-1.6588661857221565,-0.17966575129533666,0.31580676135604896,0.7047035493217707,0.0,-0.6838931194642913,0.4142640706795344,0,0,0,0,1,0,0,0,0,0,0
0.35022047273082096,0.0,-0.46625240412015945,0.5579326824810373,-8.881784197001252e-16,0.0,0.042330437067607606,-1.6588661857221565,-0.17966575129533666,0.31580676135604896,0.7024708236077455,0.0,-0.5608275195606912,0.3761198221723217,0,0,0,0,0,1,0,0,0,0,0
0.35022047273082096,0.0,-0.46625240412015945,0.5579326824810373,-8.881784197001252e-16,0.0,0.042330437067607606,-1.6588661857221565,-0.17966575129533666,0.31580676135604896,0.6220273685787853,0.0,-0.4377619196570912,-1.8865591100508081,0,0,0,0,0,0,1,0,0,0,0
0.35022047273082096,0.0,-0.46625240412015945,0.5579326824810373,-8.881784197001252e-16,0.0,0.042330437067607606,-1.6588661857221565,-0.17966575129533666,0.31580676135604896,0.7047035493217707,0.0,-0.6838931194642913,-1.8235318417437578,0,0,0,0,0,0,0,1,0,0,0
0.35022047273082096,0.0,-0.46625240412015945,0.5579326824810373,-8.881784197001252e-16,0.0,0.042330437067607606,-1.6588661857221565,-0.17966575129533666,0.31580676135604896,0.6220273685787853,0.0,-0.4377619196570912,-4.098600134136959,0,0,0,0,0,0,0,0,1,0,0
0.35022047273082096,0.0,-0.46625240412015945,0.5579326824810373,-8.881784197001252e-16,0.0,0.042330437067607606,-1.6588661857221565,-0.17966575129533666,0.31580676135604896,1.175315971282509,0.0,-0.4377619196570912,-4.098600134136959,0,0,0,0,0,0,0,0,0,1,0
0.35022047273082096,0.0,-0.46625240412015945,0.5579326824810373,-8.881784197001252e-16,0.0,0.042330437067607606,-1.6588661857221565,-0.17966575129533666,0.31580676135604896,0.6220273685787853,0.0,-0.4377619196570912,-4.098600134136959,0,0,0,0,0,0,0,0,0,0,1
0.35022047273082096,0.0,-0.46625240412015945,0.5579326824810373,-8.881784197001252e-16,0.0,0.15393592021273075,-2.681714752308598,-0.17966575129533666,0.31580676135604896,0.13245236464762444,0.0,-0.36392255971493137,0.315544216969811,1,0,0,0,0,0,0,0,0,0,0
0.35022047273082096,0.0,-0.46625240412015945,0.5579326824810373,-8.881784197001252e-16,0.0,0.042330437067607606,-2.681714752308598,-0.17966575129533666,0.31580676135604896,0.13245236464762444,0.0,-0.36392255971493137,-4.113528582557701,0,1,0,0,0,0,0,0,0,0,0
0.35022047273082096,0.0,-0.46625240412015945,0.5579326824810373,-8.881784197001252e-16,0.0,0.15393592021273075,-2.681714752308598,-0.17966575129533666,0.31580676135604896,0.0056724482132391235,0.0,-0.36392255971493137,-4.113528582557701,0,0,1,0,0,0,0,0,0,0,0
0.35022047273082096,0.0,-0.46625240412015945,0.5579326824810373,-8.881784197001252e-16,0.0,0.15393592021273075,-2.681714752308598,-0.17966575129533666,0.31580676135604896,0.0056724482132391235,0.0,-0.36392255971493137,-4.113528582557701,0,0,0,1,0,0,0,0,0,0,0
0.35022047273082096,0.0,-0.46625240412015945,0.5579326824810373,-8.881784197001252e-16,0.0,0.042330437067607606,-2.681714752308598,-0.17966575129533666,0.31580676135604896,-0.07005227344723873,0.0,-0.6838931194642913,0.4142640706795344,0,0,0,0,1,0,0,0,0,0,0
0.35022047273082096,0.0,-0.46625240412015945,0.5579326824810373,-8.881784197001252e-16,0.0,0.15393592021273075,-2.681714752308598,-0.17966575129533666,0.31580676135604896,-0.07005227344723873,0.0,-0.5608275195606912,0.3761198221723217,0,0,0,0,0,1,0,0,0,0,0
0.35022047273082096,0.0,-0.46625240412015945,0.5579326824810373,-8.881784197001252e-16,0.0,0.15393592021273075,-2.681714752308598,-0.17966575129533666,0.31580676135604896,-0.07005227344723873,0.0,-0.4377619196570912,-1.8865591100508081,0,0,0,0,0,0,1,0,0,0,0
0.35022047273082096,0.0,-0.46625240412015945,0.5579326824810373,-8.881784197001252e-16,0.0,0.15393592021273075,-2.681714752308598,-0.17966575129533666,0.31580676135604896,0.082257678074397,0.0,-0.5362143995799715,-1.8614350869577039,0,0,0,0,0,0,0,1,0,0,0
0.35022047273082096,0.0,-0.46625240412015945,0.5579326824810373,-8.881784197001252e-16,0.0,0.15393592021273075,-2.681714752308598,-0.17966575129533666,0.31580676135604896,0.0056724482132391235,0.0,-0.36392255971493137,-4.113528582557701,0,0,0,0,0,0,0,0,1,0,0
0.35022047273082096,0.0,-0.46625240412015945,0.5579326824810373,-8.881784197001252e-16,0.0,0.15393592021273075,-2.681714752308598,-0.17966575129533666,0.31580676135604896,0.0056724482132391235,0.0,-0.36392255971493137,-4.113528582557701,0,0,0,0,0,0,0,0,0,1,0
0.35022047273082096,0.0,-0.46625240412015945,0.5579326824810373,-8.881784197001252e-16,0.0,0.15393592021273075,-2.681714752308598,-0.17966575129533666,0.31580676135604896,0.0056724482132391235,0.0,-0.36392255971493137,-4.113528582557701,0,0,0,0,0,0,0,0,0,0,1
0.35022047273082096,0.0,-0.46625240412015945,0.5579326824810373,-8.881784197001252e-16,0.0,0.10929372695468152,-2.5872449096085237,-0.17966575129533666,0.31580676135604896,1.3662829715847682,0.0,1.0390252791861077,-0.10047137167616234,1,0,0,0,0,0,0,0,0,0,0
0.35022047273082096,0.0,-0.46625240412015945,0.5579326824810373,-8.881784197001252e-16,0.0,0.9670615831271994,-2.681714752308598,-0.17966575129533666,0.31580676135604896,1.6686693389599212,0.0,1.334382718954748,-2.3198759156048436,0,1,0,0,0,0,0,0,0,0,0
0.35022047273082096,0.0,-0.46625240412015945,0.5579326824810373,-8.881784197001252e-16,0.0,0.10929372695468152,-2.5872449096085237,-0.17966575129533666,0.31580676135604896,1.6686693389599212,0.0,1.334382718954748,-2.3198759156048436,0,0,1,0,0,0,0,0,0,0,0
0.35022047273082096,0.0,-0.46625240412015945,0.5579326824810373,-8.881784197001252e-16,0.0,0.10929372695468152,-2.5872449096085237,-0.17966575129533666,0.31580676135604896,1.6686693389599212,0.0,1.334382718954748,-2.3198759156048436,0,0,0,1,0,0,0,0,0,0,0
0.35022047273082096,0.0,-0.46625240412015945,0.5579326824810373,-8.881784197001252e-16,0.0,0.9949629539134803,-2.681714752308598,-0.17966575129533666,0.31580676135604896,1.7068971609718415,0.0,1.0390252791861077,-0.10047137167616234,0,0,0,0,1,0,0,0,0,0,0
0.35022047273082096,0.0,-0.46625240412015945,0.5579326824810373,-8.881784197001252e-16,0.0,1.0340248730142734,-2.5872449096085237,-0.17966575129533666,0.31580676135604896,1.5499848313116864,0.0,1.0144121592053879,-0.09340004383311179,0,0,0,0,0,1,0,0,0,0,0
0.35022047273082096,0.0,-0.46625240412015945,0.5579326824810373,-8.881784197001252e-16,0.0,1.1017853449238124,-2.5872449096085237,-0.17966575129533666,0.31580676135604896,1.4949253075358908,0.0,1.088251519147548,0.31627366363157083,0,0,0,0,0,0,1,0,0,0,0
0.35022047273082096,0.0,-0.46625240412015945,0.5579326824810373,-8.881784197001252e-16,0.0,1.2173767381812615,-2.5872449096085237,-0.17966575129533666,0.31580676135604896,1.7261587063700088,0.0,1.2113171190511485,-0.14975152194043256,0,0,0,0,0,0,0,1,0,0,0
0.35022047273082096,0.0,-0.46625240412015945,0.5579326824810373,-8.881784197001252e-16,0.0,1.1017853449238124,-2.5872449096085237,-0.17966575129533666,0.31580676135604896,1.6686693389599212,0.0,1.334382718954748,-2.3198759156048436,0,0,0,0,0,0,0,0,1,0,0
0.35022047273082096,0.0,-0.46625240412015945,0.5579326824810373,-8.881784197001252e-16,0.0,0.10929372695468152,-2.5872449096085237,-0.17966575129533666,0.31580676135604896,1.6686693389599212,0.0,1.334382718954748,-2.3198759156048436,0,0,0,0,0,0,0,0,0,1,0
0.35022047273082096,0.0,-0.46625240412015945,0.5579326824810373,-8.881784197001252e-16,0.0,0.10929372695468152,-2.5872449096085237,-0.17966575129533666,0.31580676135604896,1.4166806994806238,0.0,1.088251519147548,-2.261757961837718,0,0,0,0,0,0,0,0,0,0,1
0.35022047273082096,0.0,-0.46625240412015945,0.5579326824810373,-8.881784197001252e-16,0.0,2.1628346168249477,-1.9348928578274311,-0.17966575129533666,0.31580676135604896,1.8342382679817286,0.0,2.958848637682267,-0.6288328549522783,1,0,0,0,0,0,0,0,0,0,0
0.35022047273082096,0.0,-0.46625240412015945,0.5579326824810373,-8.881784197001252e-16,0.0,2.717673304460703,-1.951364997479987,-0.17966575129533666,0.31580676135604896,1.530773275661807,0.0,2.958848637682267,-0.6288328549522783,0,1,0,0,0,0,0,0,0,0,0
0.35022047273082096,0.0,-0.46625240412015945,0.5579326824810373,-8.881784197001252e-16,0.0,2.1827641673865763,-1.9348928578274311,-0.17966575129533666,0.31580676135604896,1.2397140849147077,0.0,2.6634911979136264,-0.550421553946671,0,0,1,0,0,0,0,0,0,0,0
0.35022047273082096,0.0,-0.46625240412015945,0.5579326824810373,-8.881784197001252e-16,0.0,2.1827641673865763,-1.9348928578274311,-0.17966575129533666,0.31580676135604896,1.2397140849147077,0.0,2.6634911979136264,-0.550421553946671,0,0,0,1,0,0,0,0,0,0,0
0.35022047273082096,0.0,-0.46625240412015945,0.5579326824810373,-8.881784197001252e-16,0.0,2.7384000370447965,-1.933551763940461,-0.17966575129533666,0.31580676135604896,1.4924425297765362,0.0,2.614264957952187,-0.5372548494323178,0,0,0,0,1,0,0,0,0,0,0
0.35022047273082096,0.0,-0.46625240412015945,0.5579326824810373,-8.881784197001252e-16,0.0,2.6698423831127926,-1.8463202005880666,-0.17966575129533666,0.31580676135604896,1.566578807601722,0.0,2.6634911979136264,-0.550421553946671,0,0,0,0,0,1,0,0,0,0,0
0.35022047273082096,0.0,-0.46625240412015945,0.5579326824810373,-8.881784197001252e-16,0.0,2.594907273001067,-1.7931257436811379,-0.17966575129533666,0.31580676135604896,1.4907367494236718,0.0,2.6634911979136264,-0.550421553946671,0,0,0,0,0,0,1,0,0,0,0
0.35022047273082096,0.0,-0.46625240412015945,0.5579326824810373,-8.881784197001252e-16,0.0,2.6682480190678626,-1.7044053356077902,-0.17966575129533666,0.31580676135604896,1.2919209457482188,0.0,2.5896518379714673,-0.5306608959637773,0,0,0,0,0,0,0,1,0,0,0
0.35022047273082096,0.0,-0.46625240412015945,0.5579326824810373,-8.881784197001252e-16,0.0,2.594907273001067,-1.7931257436811379,-0.17966575129533666,0.31580676135604896,1.2397140849147077,0.0,2.6634911979136264,-0.550421553946671,0,0,0,0,0,0,0,0,1,0,0
0.35022047273082096,0.0,-0.46625240412015945,0.5579326824810373,-8.881784197001252e-16,0.0,2.1827641673865763,-1.9348928578274311,-0.17966575129533666,0.31580676135604896,1.2397140849147077,0.0,2.6634911979136264,-0.550421553946671,0,0,0,0,0,0,0,0,0,1,0
0.35022047273082096,0.0,-0.46625240412015945,0.5579326824810373,-8.881784197001252e-16,0.0,0.042330437067607606,-1.9348928578274311,-0.17966575129533666,0.31580676135604896,1.4907367494236718,0.0,2.6634911979136264,-0.550421553946671,0,0,0,0,0,0,0,0,0,0,1
0.35022047273082096,0.0,-0.46625240412015945,0.5579326824810373,-8.881784197001252e-16,0.0,-0.08840741461667947,-0.18905804498354156,-0.17966575129533666,0.31580676135604896,-2.364812968629947,0.0,0.5467628795717082,0.04246479449965637,1,0,0,0,0,0,0,0,0,0,0
0.35022047273082096,0.0,-0.46625240412015945,0.5579326824810373,-8.881784197001252e-16,0.0,0.11885991122426355,-0.12864594094257897,-0.17966575129533666,0.31580676135604896,-2.364812968629947,0.0,0.5467628795717082,0.04246479449965637,0,1,0,0,0,0,0,0,0,0,0
0.35022047273082096,0.0,-0.46625240412015945,0.5579326824810373,-8.881784197001252e-16,0.0,0.11088809099961192,-0.17338096352714963,-0.17966575129533666,0.31580676135604896,-2.0965672402470545,0.0,0.5467628795717082,0.04246479449965637,0,0,1,0,0,0,0,0,0,0,0
0.35022047273082096,0.0,-0.46625240412015945,0.5579326824810373,-8.881784197001252e-16,0.0,0.11088809099961192,-0.17338096352714963,-0.17966575129533666,0.31580676135604896,-2.0965672402470545,0.0,0.5467628795717082,0.04246479449965637,0,0,0,1,0,0,0,0,0,0,0
0.35022047273082096,0.0,-0.46625240412015945,0.5579326824810373,-8.881784197001252e-16,0.0,0.07740644605607494,-0.10290442032429194,-0.17966575129533666,0.31580676135604896,-2.0515291506875206,0.0,0.5467628795717082,0.04246479449965637,0,0,0,0,1,0,0,0,0,0,0
0.35022047273082096,0.0,-0.46625240412015945,0.5579326824810373,-8.881784197001252e-16,0.0,-0.8106543269701192,-0.09189868364973329,-0.17966575129533666,0.31580676135604896,-2.2615161328935556,0.0,0.37447103970666806,0.09325429517126864,0,0,0,0,0,1,0,0,0,0,0
0.35022047273082096,0.0,-0.46625240412015945,0.5579326824810373,-8.881784197001252e-16,0.0,-0.919868264047847,-0.09105011773466415,-0.17966575129533666,0.31580676135604896,-2.0965672402470545,0.0,0.5467628795717082,1.7905354754336709,0,0,0,0,0,0,1,0,0,0,0
0.35022047273082096,0.0,-0.46625240412015945,0.5579326824810373,-8.881784197001252e-16,0.0,-0.8178289651723059,0.04050896308883002,-0.17966575129533666,0.31580676135604896,-2.264989134255594,0.0,0.30063167976450894,0.11514420102973458,0,0,0,0,0,0,0,1,0,0,0
0.35022047273082096,0.0,-0.46625240412015945,0.5579326824810373,-8.881784197001252e-16,0.0,-0.919868264047847,-0.09105011773466415,-0.17966575129533666,0.31580676135604896,-2.0965672402470545,0.0,0.5467628795717082,0.04246479449965637,0,0,0,0,0,0,0,0,1,0,0
0.35022047273082096,0.0,-0.46625240412015945,0.5579326824810373,-8.881784197001252e-16,0.0,-0.8098571449476544,-0.17338096352714963,-0.17966575129533666,0.31580676135604896,-2.0965672402470545,0.0,0.5467628795717082,0.04246479449965637,0,0,0,0,0,0,0,0,0,1,0
0.35022047273082096,0.0,-0.46625240412015945,0.5579326824810373,-8.881784197001252e-16,0.0,-1.9745400797692605,-0.2672779411010906,-0.17966575129533666,0.31580676135604896,-2.0965672402470545,0.0,0.5467628795717082,0.04246479449965637,0,0,0,0,0,0,0,0,0,0,1
0.35022047273082096,0.0,-0.46625240412015945,0.5579326824810373,-8.881784197001252e-16,0.0,-3.2986594190839,0.4603499486196459,-0.17966575129533666,0.31580676135604896,-2.29158968790645,0.0,-1.6684179186930905,0.7275434607861317,1,0,0,0,0,0,0,0,0,0,0
0.35022047273082096,0.0,-0.46625240412015945,0.5579326824810373,-8.881784197001252e-16,0.0,-3.377580439307952,0.5534229980134939,-0.17966575129533666,0.31580676135604896,-2.29158968790645,0.0,-1.6684179186930905,0.7275434607861317,0,1,0,0,0,0,0,0,0,0,0
0.35022047273082096,0.0,-0.46625240412015945,0.5579326824810373,-8.881784197001252e-16,0.0,-3.38953816964493,0.5172087773610992,-0.17966575129533666,0.31580676135604896,-2.29158968790645,0.0,-1.6684179186930905,0.7275434607861317,0,0,1,0,0,0,0,0,0,0,0
0.35022047273082096,0.0,-0.46625240412015945,0.5579326824810373,-8.881784197001252e-16,0.0,-3.38953816964493,0.5172087773610992,-0.17966575129533666,0.31580676135604896,-2.29158968790645,0.0,-1.6684179186930905,0.7275434607861317,0,0,0,1,0,0,0,0,0,0,0
0.35022047273082096,0.0,-0.46625240412015945,0.5579326824810373,-8.881784197001252e-16,0.0,-3.3879438055999986,0.5693854539707142,-0.17966575129533666,0.31580676135604896,-2.415008433154186,0.0,-1.7914835185966902,0.7677491985372008,0,0,0,0,1,0,0,0,0,0,0
0.35022047273082096,0.0,-0.46625240412015945,0.5579326824810373,-8.881784197001252e-16,0.0,-3.0969723674002143,0.4939496974813476,-0.17966575129533666,0.31580676135604896,-2.250655461806535,0.0,-1.7914835185966902,0.7677491985372008,0,0,0,0,0,1,0,0,0,0,0
0.35022047273082096,0.0,-0.46625240412015945,0.5579326824810373,-8.881784197001252e-16,0.0,-3.033197805603001,0.4526829273378562,-0.17966575129533666,0.31580676135604896,-2.29158968790645,0.0,-1.6684179186930905,0.7275434607861317,0,0,0,0,0,0,1,0,0,0,0
0.35022047273082096,0.0,-0.46625240412015945,0.5579326824810373,-8.881784197001252e-16,0.0,-3.192634210096033,0.5621553368174438,-0.17966575129533666,0.31580676135604896,-2.3039315624312264,0.0,-1.91454911850029,0.8081942561558351,0,0,0,0,0,0,0,1,0,0,0
0.35022047273082096,0.0,-0.46625240412015945,0.5579326824810373,-8.881784197001252e-16,0.0,-3.033197805603001,0.4526829273378562,-0.17966575129533666,0.31580676135604896,-2.29158968790645,0.0,-1.6684179186930905,0.7275434607861317,0,0,0,0,0,0,0,0,1,0,0
0.35022047273082096,0.0,-0.46625240412015945,0.5579326824810373,-8.881784197001252e-16,0.0,-1.040242749440087,0.45407760451960594,-0.17966575129533666,0.31580676135604896,-0.07005227344723873,0.0,0.5467628795717082,0.04246479449965637,0,0,0,0,0,0,0,0,0,1,0
0.35022047273082096,0.0,-0.46625240412015945,0.5579326824810373,-8.881784197001252e-16,0.0,-2.9614514235811358,0.3122740628019674,-0.17966575129533666,0.31580676135604896,-2.29158968790645,0.0,-1.6684179186930905,0.7275434607861317,0,0,0,0,0,0,0,0,0,0,1
0.35022047273082096,0.0,-0.46625240412015945,0.5579326824810373,-8.881784197001252e-16,0.0,-1.4571689471893683,0.6472276974450855,-0.17966575129533666,0.31580676135604896,-0.07005227344723873,0.0,-1.6684179186930905,0.7275434607861317,1,0,0,0,0,0,0,0,0,0,0
0.35022047273082096,0.0,-0.46625240412015945,0.5579326824810373,-8.881784197001252e-16,0.0,-1.5791377966265387,0.7502084416378206,-0.17966575129533666,0.31580676135604896,-0.07005227344723873,0.0,-1.6684179186930905,0.7275434607861317,0,1,0,0,0,0,0,0,0,0,0
0.35022047273082096,0.0,-0.46625240412015945,0.5579326824810373,-8.881784197001252e-16,0.0,-1.5791377966265387,0.7289141077586081,-0.17966575129533666,0.31580676135604896,-0.07005227344723873,0.0,-1.6684179186930905,0.7275434607861317,0,0,1,0,0,0,0,0,0,0,0
0.35022047273082096,0.0,-0.46625240412015945,0.5579326824810373,-8.881784197001252e-16,0.0,-1.5791377966265387,0.7289141077586081,-0.17966575129533666,0.31580676135604896,-0.07005227344723873,0.0,-1.6684179186930905,0.7275434607861317,0,0,0,1,0,0,0,0,0,0,0
0.35022047273082096,0.0,-0.46625240412015945,0.5579326824810373,-8.881784197001252e-16,0.0,-1.569571612356957,0.7611102614854092,-0.17966575129533666,0.31580676135604896,-0.07005227344723873,0.0,-1.7914835185966902,0.7677491985372008,0,0,0,0,1,0,0,0,0,0,0
0.35022047273082096,0.0,-0.46625240412015945,0.5579326824810373,-8.881784197001252e-16,0.0,-1.0187188348335277,0.619312539110081,-0.17966575129533666,0.31580676135604896,0.008100937829165614,0.0,-1.7176441586545301,0.7435971736085378,0,0,0,0,0,1,0,0,0,0,0
0.35022047273082096,0.0,-0.46625240412015945,0.5579326824810373,-8.881784197001252e-16,0.0,-1.0338652932603656,0.5841139826305232,-0.17966575129533666,0.31580676135604896,-0.07005227344723873,0.0,-1.6684179186930905,0.7275434607861317,0,0,0,0,0,0,1,0,0,0,0
0.35022047273082096,0.0,-0.46625240412015945,0.5579326824810373,-8.881784197001252e-16,0.0,-1.1654003269671178,0.7010077162250061,-0.17966575129533666,0.31580676135604896,-0.07005227344723873,0.0,-1.91454911850029,0.8081942561558351,0,0,0,0,0,0,0,1,0,0,0
0.35022047273082096,0.0,-0.46625240412015945,0.5579326824810373,-8.881784197001252e-16,0.0,-1.0338652932603656,0.5841139826305232,-0.17966575129533666,0.31580676135604896,-0.07005227344723873,0.0,-1.6684179186930905,0.7275434607861317,0,0,0,0,0,0,0,0,1,0,0
0.35022047273082096,0.0,-0.46625240412015945,0.5579326824810373,-8.881784197001252e-16,0.0,0.1619077404373824,0.16139438762882483,-0.17966575129533666,0.31580676135604896,-0.07005227344723873,0.0,0.5467628795717082,0.04246479449965637,0,0,0,0,0,0,0,0,0,1,0
0.35022047273082096,0.0,-0.46625240412015945,0.5579326824810373,-8.881784197001252e-16,0.0,-1.0338652932603656,0.4464304596927203,-0.17966575129533666,0.31580676135604896,-0.07005227344723873,0.0,-1.6684179186930905,0.7275434607861317,0,0,0,0,0,0,0,0,0,0,1
0.35022047273082096,0.0,-0.46625240412015945,0.5579326824810373,-8.881784197001252e-16,0.0,-0.4200351359621883,0.9199916834869963,-0.17966575129533666,0.31580676135604896,-1.238942599078396,0.0,-2.7760083178254895,1.0981939246128556,1,0,0,0,0,0,0,0,0,0,0
0.35022047273082096,0.0,-0.46625240412015945,0.5579326824810373,-8.881784197001252e-16,0.0,-0.7468797651729061,1.0107091840350235,-0.17966575129533666,0.31580676135604896,-1.6285727076221101,0.0,-3.145205117536289,1.2262919376736272,0,1,0,0,0,0,0,0,0,0,0
0.35022047273082096,0.0,-0.46625240412015945,0.5579326824810373,-8.881784197001252e-16,0.0,-0.7468797651729061,1.0068170265157805,-0.17966575129533666,0.31580676135604896,-1.6285727076221101,0.0,-3.145205117536289,1.2262919376736272,0,0,1,0,0,0,0,0,0,0,0
0.35022047273082096,0.0,-0.46625240412015945,0.5579326824810373,-8.881784197001252e-16,0.0,-0.7468797651729061,1.0068170265157805,-0.17966575129533666,0.31580676135604896,-1.6285727076221101,0.0,-3.145205117536289,1.2262919376736272,0,0,0,1,0,0,0,0,0,0,0
0.35022047273082096,0.0,-0.46625240412015945,0.5579326824810373,-8.881784197001252e-16,0.0,-0.7468797651729061,1.0213183740978644,-0.17966575129533666,0.31580676135604896,-1.5549632876989856,0.0,-3.194431357497729,1.243550023790332,0,0,0,0,1,0,0,0,0,0,0
0.35022047273082096,0.0,-0.46625240412015945,0.5579326824810373,-8.881784197001252e-16,0.0,-0.6583925606792729,0.8344942085672044,-0.17966575129533666,0.31580676135604896,-1.5783758911547028,0.0,-3.145205117536289,1.2262919376736272,0,0,0,0,0,1,0,0,0,0,0
0.35022047273082096,0.0,-0.46625240412015945,0.5579326824810373,-8.881784197001252e-16,0.0,-0.7468797651729061,0.8181973293668258,-0.17966575129533666,0.31580676135604896,-1.6285727076221101,0.0,-3.145205117536289,1.2262919376736272,0,0,0,0,0,0,1,0,0,0,0
0.35022047273082096,0.0,-0.46625240412015945,0.5579326824810373,-8.881784197001252e-16,0.0,-0.6352742820277829,0.9513403293609665,-0.17966575129533666,0.31580676135604896,-1.507050646477874,0.0,-3.2682707174398895,1.269516805670544,0,0,0,0,0,0,0,1,0,0,0
0.35022047273082096,0.0,-0.46625240412015945,0.5579326824810373,-8.881784197001252e-16,0.0,-0.7468797651729061,0.8181973293668258,-0.17966575129533666,0.31580676135604896,-1.6285727076221101,0.0,-3.145205117536289,1.2262919376736272,0,0,0,0,0,0,0,0,1,0,0
0.35022047273082096,0.0,-0.46625240412015945,0.5579326824810373,-8.881784197001252e-16,0.0,-2.6880179898755836,-0.06403506806090596,-0.17966575129533666,0.31580676135604896,-3.7726146308792594,0.0,-3.145205117536289,1.2262919376736272,0,0,0,0,0,0,0,0,0,1,0
0.35022047273082096,0.0,-0.46625240412015945,0.5579326824810373,-8.881784197001252e-16,0.0,-0.7468797651729061,0.6812602693381018,-0.17966575129533666,0.31580676135604896,-1.6285727076221101,0.0,-3.145205117536289,1.2262919376736272,0,0,0,0,0,0,0,0,0,0,1
0.35022047273082096,0.0,-0.46625240412015945,0.5579326824810373,-8.881784197001252e-16,0.0,-0.23508890675026994,1.0968388511421645,-0.17966575129533666,0.31580676135604896,2.3305344251624223,0.0,-0.5608275195606912,0.3761198221723217,1,0,0,0,0,0,0,0,0,0,0
0.35022047273082096,0.0,-0.46625240412015945,0.5579326824810373,-8.881784197001252e-16,0.0,0.728704158410115,1.2631493815736854,-0.17966575129533666,0.31580676135604896,2.7559395981590034,0.0,-0.5608275195606912,0.3761198221723217,0,1,0,0,0,0,0,0,0,0,0
0.35022047273082096,0.0,-0.46625240412015945,0.5579326824810373,-8.881784197001252e-16,0.0,0.728704158410115,1.2690139182567577,-0.17966575129533666,0.31580676135604896,2.7559395981590034,0.0,-0.5608275195606912,0.3761198221723217,0,0,1,0,0,0,0,0,0,0,0
0.35022047273082096,0.0,-0.46625240412015945,0.5579326824810373,-8.881784197001252e-16,0.0,0.728704158410115,1.2690139182567577,-0.17966575129533666,0.31580676135604896,2.7559395981590034,0.0,-0.5608275195606912,0.3761198221723217,0,0,0,1,0,0,0,0,0,0,0
0.35022047273082096,0.0,-0.46625240412015945,0.5579326824810373,-8.881784197001252e-16,0.0,0.728704158410115,1.2732851643607876,-0.17966575129533666,0.31580676135604896,2.4090417505156854,0.0,-0.9300243192714907,0.49121787435397585,0,0,0,0,1,0,0,0,0,0,0
0.35022047273082096,0.0,-0.46625240412015945,0.5579326824810373,-8.881784197001252e-16,0.0,0.757402711218861,1.0401731187591903,-0.17966575129533666,0.31580676135604896,2.621368556653952,0.0,-0.6838931194642913,0.4142640706795344,0,0,0,0,0,1,0,0,0,0,0
0.35022047273082096,0.0,-0.46625240412015945,0.5579326824810373,-8.881784197001252e-16,0.0,0.728704158410115,1.0615325990419286,-0.17966575129533666,0.31580676135604896,2.7559395981590034,0.0,-0.5608275195606912,0.3761198221723217,0,0,0,0,0,0,1,0,0,0,0
0.35022047273082096,0.0,-0.46625240412015945,0.5579326824810373,-8.881784197001252e-16,0.0,0.7956674482971889,1.1687021360599852,-0.17966575129533666,0.31580676135604896,2.3595445363238627,0.0,-1.0530899191750906,0.530031308860326,0,0,0,0,0,0,0,1,0,0,0
0.35022047273082096,0.0,-0.46625240412015945,0.5579326824810373,-8.881784197001252e-16,0.0,0.728704158410115,1.0615325990419286,-0.17966575129533666,0.31580676135604896,2.7559395981590034,0.0,-0.5608275195606912,0.3761198221723217,0,0,0,0,0,0,0,0,1,0,0
0.35022047273082096,0.0,-0.46625240412015945,0.5579326824810373,-8.881784197001252e-16,0.0,-0.4359787764114914,0.4116888349483343,-0.17966575129533666,0.31580676135604896,2.7559395981590034,0.0,-0.5608275195606912,0.3761198221723217,0,0,0,0,0,0,0,0,0,1,0
0.35022047273082096,0.0,-0.46625240412015945,0.5579326824810373,-8.881784197001252e-16,0.0,0.728704158410115,0.929244740063909,-0.17966575129533666,0.31580676135604896,2.7559395981590034,0.0,-0.5608275195606912,0.3761198221723217,0,0,0,0,0,0,0,0,0,0,1
0.35022047273082096,0.0,-0.46625240412015945,0.5579326824810373,-8.881784197001252e-16,0.0,1.5808917404253768,1.0860934733540872,-0.17966575129533666,0.31580676135604896,0.8665316777415121,0.0,0.3498579197259484,0.10054269497741797,1,0,0,0,0,0,0,0,0,0,0
0.35022047273082096,0.0,-0.46625240412015945,0.5579326824810373,-8.881784197001252e-16,0.0,2.2768316460374662,1.2866155393486356,-0.17966575129533666,0.31580676135604896,0.8665316777415121,0.0,0.3498579197259484,0.10054269497741797,0,1,0,0,0,0,0,0,0,0,0
0.35022047273082096,0.0,-0.46625240412015945,0.5579326824810373,-8.881784197001252e-16,0.0,2.2768316460374662,1.2970703279005673,-0.17966575129533666,0.31580676135604896,0.8665316777415121,0.0,0.3498579197259484,0.10054269497741797,0,0,1,0,0,0,0,0,0,0,0
0.35022047273082096,0.0,-0.46625240412015945,0.5579326824810373,-8.881784197001252e-16,0.0,2.2768316460374662,1.2970703279005673,-0.17966575129533666,0.31580676135604896,0.8665316777415121,0.0,0.3498579197259484,0.10054269497741797,0,0,0,1,0,0,0,0,0,0,0
0.35022047273082096,0.0,-0.46625240412015945,0.5579326824810373,-8.881784197001252e-16,0.0,2.2808175561497923,1.2963565893449998,-0.17966575129533666,0.31580676135604896,1.129860030349876,0.0,0.22679231982234835,0.1371084359403532,0,0,0,0,1,0,0,0,0,0,0
0.35022047273082096,0.0,-0.46625240412015945,0.5579326824810373,-8.881784197001252e-16,0.0,2.2768316460374662,1.0404721724932415,-0.17966575129533666,0.31580676135604896,0.9961173872042115,0.0,0.3498579197259484,0.10054269497741797,0,0,0,0,0,1,0,0,0,0,0
0.35022047273082096,0.0,-0.46625240412015945,0.5579326824810373,-8.881784197001252e-16,0.0,2.2768316460374662,1.0840218630674858,-0.17966575129533666,0.31580676135604896,0.8665316777415121,0.0,0.3498579197259484,0.10054269497741797,0,0,0,0,0,0,1,0,0,0,0
0.35022047273082096,0.0,-0.46625240412015945,0.5579326824810373,-8.881784197001252e-16,0.0,2.2808175561497923,1.165196700288819,-0.17966575129533666,0.31580676135604896,1.2613141795861922,0.0,0.22679231982234835,0.1371084359403532,0,0,0,0,0,0,0,1,0,0,0
0.35022047273082096,0.0,-0.46625240412015945,0.5579326824810373,-8.881784197001252e-16,0.0,2.2768316460374662,1.0840218630674858,-0.17966575129533666,0.31580676135604896,0.8665316777415121,0.0,0.3498579197259484,0.10054269497741797,0,0,0,0,0,0,0,0,1,0,0
0.35022047273082096,0.0,-0.46625240412015945,0.5579326824810373,-8.881784197001252e-16,0.0,2.2768316460374662,0.7382023071170052,-0.17966575129533666,0.31580676135604896,0.8665316777415121,0.0,0.3498579197259484,0.10054269497741797,0,0,0,0,0,0,0,0,0,1,0
0.35022047273082096,0.0,-0.46625240412015945,0.5579326824810373,-8.881784197001252e-16,0.0,2.2768316460374662,0.9562226064075805,-0.17966575129533666,0.31580676135604896,0.8665316777415121,0.0,0.3498579197259484,0.10054269497741797,0,0,0,0,0,0,0,0,0,0,1
0.35022047273082096,0.0,-0.46625240412015945,0.5579326824810373,-8.881784197001252e-16,0.0,0.6545662303208546,0.9422740963449774,-0.17966575129533666,0.31580676135604896,-0.8138522586805289,0.0,-0.38853567969565106,0.3230857407231374,1,0,0,0,0,0,0,0,0,0,0
0.35022047273082096,0.0,-0.46625240412015945,0.5579326824810373,-8.881784197001252e-16,0.0,0.6545662303208546,1.129138694968313,-0.17966575129533666,0.31580676135604896,-0.8138522586805289,0.0,-0.38853567969565106,0.3230857407231374,0,1,0,0,0,0,0,0,0,0,0
0.35022047273082096,0.0,-0.46625240412015945,0.5579326824810373,-8.881784197001252e-16,0.0,0.6545662303208546,1.1388770242332076,-0.17966575129533666,0.31580676135604896,-0.8138522586805289,0.0,-0.38853567969565106,0.3230857407231374,0,0,1,0,0,0,0,0,0,0,0
0.35022047273082096,0.0,-0.46625240412015945,0.5579326824810373,-8.881784197001252e-16,0.0,0.6545662303208546,1.1388770242332076,-0.17966575129533666,0.31580676135604896,-0.8138522586805289,0.0,-0.38853567969565106,0.3230857407231374,0,0,0,1,0,0,0,0,0,0,0
0.35022047273082096,0.0,-0.46625240412015945,0.5579326824810373,-8.881784197001252e-16,0.0,0.5891973044787111,1.1382184560657769,-0.17966575129533666,0.31580676135604896,-0.9899580463176608,0.0,-0.6838931194642913,0.4142640706795344,0,0,0,0,1,0,0,0,0,0,0
0.35022047273082096,0.0,-0.46625240412015945,0.5579326824810373,-8.881784197001252e-16,0.0,0.6545662303208546,0.9024119793986249,-0.17966575129533666,0.31580676135604896,-0.9378189228860789,0.0,-0.5116012795992511,0.36092361033179504,0,0,0,0,0,1,0,0,0,0,0
0.35022047273082096,0.0,-0.46625240412015945,0.5579326824810373,-8.881784197001252e-16,0.0,0.6545662303208546,0.941098211318921,-0.17966575129533666,0.31580676135604896,-0.8138522586805289,0.0,-0.38853567969565106,0.3230857407231374,0,0,0,0,0,0,1,0,0,0,0
0.35022047273082096,0.0,-0.46625240412015945,0.5579326824810373,-8.881784197001252e-16,0.0,0.545352293243127,1.0174937058342464,-0.17966575129533666,0.31580676135604896,-1.362892819102966,0.0,-1.0530899191750906,0.530031308860326,0,0,0,0,0,0,0,1,0,0,0
0.35022047273082096,0.0,-0.46625240412015945,0.5579326824810373,-8.881784197001252e-16,0.0,0.6545662303208546,0.941098211318921,-0.17966575129533666,0.31580676135604896,-0.8138522586805289,0.0,-0.38853567969565106,0.3230857407231374,0,0,0,0,0,0,0,0,1,0,0
0.35022047273082096,0.0,-0.46625240412015945,0.5579326824810373,-8.881784197001252e-16,0.0,0.6545662303208546,0.6325847206748256,-0.17966575129533666,0.31580676135604896,-0.8138522586805289,0.0,-0.38853567969565106,0.3230857407231374,0,0,0,0,0,0,0,0,0,1,0
0.35022047273082096,0.0,-0.46625240412015945,0.5579326824810373,-8.881784197001252e-16,0.0,0.9654672190822691,0.8229587605906579,-0.17966575129533666,0.31580676135604896,-0.8138522586805289,0.0,-0.38853567969565106,0.3230857407231374,0,0,0,0,0,0,0,0,0,0,1
0.35022047273082096,0.0,-0.46625240412015945,0.5579326824810373,-8.881784197001252e-16,0.0,-1.5273209651663031,0.7863674919020786,-0.17966575129533666,0.31580676135604896,-0.2465438651276889,0.0,-0.5608275195606912,0.3761198221723217,1,0,0,0,0,0,0,0,0,0,0
0.35022047273082096,0.0,-0.46625240412015945,0.5579326824810373,-8.881784197001252e-16,0.0,-1.6150109876374712,0.9648439242523892,-0.17966575129533666,0.31580676135604896,-0.2465438651276889,0.0,-0.5608275195606912,0.3761198221723217,0,1,0,0,0,0,0,0,0,0,0
0.35022047273082096,0.0,-0.46625240412015945,0.5579326824810373,-8.881784197001252e-16,0.0,-1.6150109876374712,0.9729823878371894,-0.17966575129533666,0.31580676135604896,-0.2465438651276889,0.0,-0.5608275195606912,0.3761198221723217,0,0,1,0,0,0,0,0,0,0,0
0.35022047273082096,0.0,-0.46625240412015945,0.5579326824810373,-8.881784197001252e-16,0.0,-1.6150109876374712,0.9729823878371894,-0.17966575129533666,0.31580676135604896,-0.2465438651276889,0.0,-0.5608275195606912,0.3761198221723217,0,0,0,1,0,0,0,0,0,0,0
0.35022047273082096,0.0,-0.46625240412015945,0.5579326824810373,-8.881784197001252e-16,0.0,-1.5281181471887682,0.9713931783553517,-0.17966575129533666,0.31580676135604896,-0.07005227344723873,0.0,-0.6838931194642913,0.4142640706795344,0,0,0,0,1,0,0,0,0,0,0
0.35022047273082096,0.0,-0.46625240412015945,0.5579326824810373,-8.881784197001252e-16,0.0,-1.1925045157309335,0.763543275602244,-0.17966575129533666,0.31580676135604896,-0.24704327540409265,0.0,-0.6838931194642913,0.4142640706795344,0,0,0,0,0,1,0,0,0,0,0
0.35022047273082096,0.0,-0.46625240412015945,0.5579326824810373,-8.881784197001252e-16,0.0,-1.0808990325858105,0.7931536007946586,-0.17966575129533666,0.31580676135604896,-0.2465438651276889,0.0,-0.5608275195606912,0.3761198221723217,0,0,0,0,0,0,1,0,0,0,0
0.35022047273082096,0.0,-0.46625240412015945,0.5579326824810373,-8.881784197001252e-16,0.0,-1.040242749440087,0.8644834711926574,-0.17966575129533666,0.31580676135604896,0.3139957418508669,0.0,-0.6838931194642913,0.4142640706795344,0,0,0,0,0,0,0,1,0,0,0
0.35022047273082096,0.0,-0.46625240412015945,0.5579326824810373,-8.881784197001252e-16,0.0,-1.0808990325858105,0.7931536007946586,-0.17966575129533666,0.31580676135604896,-0.2465438651276889,0.0,-0.5608275195606912,0.3761198221723217,0,0,0,0,0,0,0,0,1,0,0
0.35022047273082096,0.0,-0.46625240412015945,0.5579326824810373,-8.881784197001252e-16,0.0,-1.6150109876374712,0.47632744417582407,-0.17966575129533666,0.31580676135604896,-0.2465438651276889,0.0,-0.5608275195606912,0.3761198221723217,0,0,0,0,0,0,0,0,0,1,0
0.35022047273082096,0.0,-0.46625240412015945,0.5579326824810373,-8.881784197001252e-16,0.0,-0.6193306415784796,0.704658030946937,-0.17966575129533666,0.31580676135604896,-0.2465438651276889,0.0,-0.5608275195606912,0.3761198221723217,0,0,0,0,0,0,0,0,0,0,1
0.35022047273082096,0.0,-0.46625240412015945,0.5579326824810373,-8.881784197001252e-16,0.0,0.7589970752637911,0.703464839045698,-0.17966575129533666,0.31580676135604896,0.6387139598847873,0.0,0.12833983989946804,0.16651036128865632,1,0,0,0,0,0,0,0,0,0,0
0.35022047273082096,0.0,-0.46625240412015945,0.5579326824810373,-8.881784197001252e-16,0.0,-0.8401500618013304,0.879298156349009,-0.17966575129533666,0.31580676135604896,0.6387139598847873,0.0,0.12833983989946804,0.16651036128865632,0,1,0,0,0,0,0,0,0,0,0
0.35022047273082096,0.0,-0.46625240412015945,0.5579326824810373,-8.881784197001252e-16,0.0,-0.8401500618013304,0.8881201281397128,-0.17966575129533666,0.31580676135604896,0.6387139598847873,0.0,0.12833983989946804,0.16651036128865632,0,0,1,0,0,0,0,0,0,0,0
0.35022047273082096,0.0,-0.46625240412015945,0.5579326824810373,-8.881784197001252e-16,0.0,-0.8401500618013304,0.8881201281397128,-0.17966575129533666,0.31580676135604896,0.6387139598847873,0.0,0.12833983989946804,0.16651036128865632,0,0,0,1,0,0,0,0,0,0,0
0.35022047273082096,0.0,-0.46625240412015945,0.5579326824810373,-8.881784197001252e-16,0.0,-0.7636205876446747,0.876108174276587,-0.17966575129533666,0.31580676135604896,0.69149748416094,0.0,0.05450047995730886,0.18864950990674448,0,0,0,0,1,0,0,0,0,0,0
0.35022047273082096,0.0,-0.46625240412015945,0.5579326824810373,-8.881784197001252e-16,0.0,0.5333945629061495,0.6410433236625678,-0.17966575129533666,0.31580676135604896,0.69149748416094,0.0,0.05450047995730886,0.18864950990674448,0,0,0,0,0,1,0,0,0,0,0
0.35022047273082096,0.0,-0.46625240412015945,0.5579326824810373,-8.881784197001252e-16,0.0,0.5525269314453134,0.6638584708575032,-0.17966575129533666,0.31580676135604896,0.6387139598847873,0.0,0.12833983989946804,0.16651036128865632,0,0,0,0,0,0,1,0,0,0,0
0.35022047273082096,0.0,-0.46625240412015945,0.5579326824810373,-8.881784197001252e-16,0.0,0.6210845853773177,0.7274325183215743,-0.17966575129533666,0.31580676135604896,0.6407275003203914,0.0,0.005274239995868714,0.20345092022669056,0,0,0,0,0,0,0,1,0,0,0
0.35022047273082096,0.0,-0.46625240412015945,0.5579326824810373,-8.881784197001252e-16,0.0,0.5525269314453134,0.6638584708575032,-0.17966575129533666,0.31580676135604896,0.6387139598847873,0.0,0.12833983989946804,0.16651036128865632,0,0,0,0,0,0,0,0,1,0,0
0.35022047273082096,0.0,-0.46625240412015945,0.5579326824810373,-8.881784197001252e-16,0.0,0.15632746628012628,0.4635956301113238,-0.17966575129533666,0.31580676135604896,-0.07005227344723873,0.0,-0.5608275195606912,0.3761198221723217,0,0,0,0,0,0,0,0,0,1,0
0.35022047273082096,0.0,-0.46625240412015945,0.5579326824810373,-8.881784197001252e-16,0.0,0.11965709324672866,0.5726337806179878,-0.17966575129533666,0.31580676135604896,0.6387139598847873,0.0,0.12833983989946804,0.16651036128865632,0,0,0,0,0,0,0,0,0,0,1
-0.14876057535950876,0.0,2.144761058952719,0.5579326824810373,-8.881784197001252e-16,0.0,0.933133516251082,0.615710722938116,-0.17966575129533666,0.012401318200309382,-0.07005227344723873,0.0,0.12833983989946804,0.16651036128865632,1,0,0,0,0,0,0,0,0,0,0
-0.14876057535950876,0.0,2.144761058952719,0.5579326824810373,-8.881784197001252e-16,0.0,0.042330437067607606,0.7878888644792701,-0.28578321568100756,-0.2222285736470948,-0.07005227344723873,0.0,0.12833983989946804,0.16651036128865632,0,1,0,0,0,0,0,0,0,0,0
-0.14876057535950876,0.0,2.144761058952719,0.5579326824810373,-8.881784197001252e-16,0.0,0.042330437067607606,0.7965797997963204,0.13310151215716748,-0.26821828838524026,-0.07005227344723873,0.0,0.12833983989946804,0.16651036128865632,0,0,1,0,0,0,0,0,0,0,0
-0.14876057535950876,0.0,2.144761058952719,0.5579326824810373,-8.881784197001252e-16,0.0,0.042330437067607606,0.7965797997963204,0.13310151215716748,-0.26821828838524026,-0.07005227344723873,0.0,0.12833983989946804,0.16651036128865632,0,0,0,1,0,0,0,0,0,0,0
-0.14876057535950876,0.0,2.144761058952719,0.5579326824810373,-8.881784197001252e-16,0.0,0.042330437067607606,0.7819861347724323,0.13310151215716748,-0.26821828838524026,-0.07005227344723873,0.0,0.05450047995730886,0.18864950990674448,0,0,0,0,1,0,0,0,0,0,0
-0.14876057535950876,0.0,2.144761058952719,0.5579326824810373,-8.881784197001252e-16,0.0,0.6874739042082166,0.531131839515355,-0.17966575129533666,0.012401318200309382,-0.07005227344723873,0.0,0.05450047995730886,0.18864950990674448,0,0,0,0,0,1,0,0,0,0,0
-0.14876057535950876,0.0,2.144761058952719,0.5579326824810373,-8.881784197001252e-16,0.0,0.685656329196996,0.5525362662819739,-0.17966575129533666,0.31580676135604896,-0.07005227344723873,0.0,0.12833983989946804,0.16651036128865632,0,0,0,0,0,0,1,0,0,0,0
-0.14876057535950876,0.0,2.144761058952719,0.5579326824810373,-8.881784197001252e-16,0.0,0.6622191777365202,0.6118717345578623,-0.17966575129533666,0.012401318200309382,-0.07005227344723873,0.0,0.005274239995868714,0.20345092022669056,0,0,0,0,0,0,0,1,0,0,0
-0.14876057535950876,0.0,2.144761058952719,0.5579326824810373,-8.881784197001252e-16,0.0,0.6599232935118204,0.5508932256164893,-0.28578321568100756,-0.2222285736470948,-0.07005227344723873,0.0,0.12833983989946804,0.16651036128865632,0,0,0,0,0,0,0,0,1,0,0
-0.14876057535950876,0.0,2.144761058952719,0.5579326824810373,-8.881784197001252e-16,0.0,0.6163014932425267,0.4193473101102741,-0.28578321568100756,-0.2222285736470948,-0.07005227344723873,0.0,-0.5608275195606912,0.3761198221723217,0,0,0,0,0,0,0,0,0,1,0
-0.14876057535950876,0.0,2.144761058952719,0.5579326824810373,-8.881784197001252e-16,0.0,0.3155406598068691,0.44968148288718385,-0.28578321568100756,-0.2222285736470948,-0.07005227344723873,0.0,0.12833983989946804,0.16651036128865632,0,0,0,0,0,0,0,0,0,0,1
-0.24090467944774924,0.0,2.144761058952719,-1.5969426376909281,-8.881784197001252e-16,0.0,0.042330437067607606,0.5073014967180022,-0.17966575129533666,-2.4210185867721994,0.0794544274328933,0.0,0.2760185597837885,0.12245733520856619,1,0,0,0,0,0,0,0,0,0,0
-0.24090467944774924,0.0,2.144761058952719,-1.5969426376909281,-8.881784197001252e-16,0.0,0.042330437067607606,0.6738313513593711,-1.0577722548375852,-4.309125134433389,0.20404334483300332,0.0,0.39908415968738853,0.08597411227583598,0,1,0,0,0,0,0,0,0,0,0
-0.24090467944774924,0.0,2.144761058952719,-1.5969426376909281,-8.881784197001252e-16,0.0,0.042330437067607606,0.6814396048414137,2.4360366603163786,-4.272244946911823,0.40338561267317935,0.0,0.5959891195331477,0.02802679791624012,0,0,1,0,0,0,0,0,0,0,0
-0.24090467944774924,0.0,2.144761058952719,-1.5969426376909281,-8.881784197001252e-16,0.0,0.042330437067607606,0.6814396048414137,2.4360366603163786,-4.272244946911823,0.40338561267317935,0.0,0.5959891195331477,0.02802679791624012,0,0,0,1,0,0,0,0,0,0,0
-0.24090467944774924,0.0,2.144761058952719,-1.5969426376909281,-8.881784197001252e-16,0.0,0.042330437067607606,0.6710948033706646,2.4360366603163786,-4.272244946911823,0.42913862911901945,0.0,0.5467628795717082,0.04246479449965637,0,0,0,0,1,0,0,0,0,0,0
-0.24090467944774924,0.0,2.144761058952719,-1.5969426376909281,-8.881784197001252e-16,0.0,0.042330437067607606,0.4284698622676869,-0.17966575129533666,-2.4210185867721994,0.12962408757926255,0.0,0.25140543980306806,0.12977874216361937,0,0,0,0,0,1,0,0,0,0,0
-0.24090467944774924,0.0,2.144761058952719,-1.5969426376909281,-8.881784197001252e-16,0.0,0.042330437067607606,0.44914567412366874,-0.17966575129533666,0.31580676135604896,0.20404334483300332,0.0,0.39908415968738853,0.9620315520641863,0,0,0,0,0,0,1,0,0,0,0
-0.24090467944774924,0.0,2.144761058952719,-1.5969426376909281,-8.881784197001252e-16,0.0,0.042330437067607606,0.5087304248859215,-0.17966575129533666,-2.4210185867721994,0.2048098314613095,0.0,0.2760185597837885,0.12245733520856619,0,0,0,0,0,0,0,1,0,0,0
-0.24090467944774924,0.0,2.144761058952719,-1.5969426376909281,-8.881784197001252e-16,0.0,0.042330437067607606,0.4476501243111602,-1.0577722548375852,-4.309125134433389,0.20404334483300332,0.0,0.39908415968738853,0.08597411227583598,0,0,0,0,0,0,0,0,1,0,0
-0.24090467944774924,0.0,2.144761058952719,-1.5969426376909281,-8.881784197001252e-16,0.0,1.1280285771033658,0.31571339084448824,-1.0577722548375852,-4.309125134433389,0.9171578372652354,0.0,0.39908415968738853,0.08597411227583598,0,0,0,0,0,0,0,0,0,1,0
-0.24090467944774924,0.0,2.144761058952719,-1.5969426376909281,-8.881784197001252e-16,0.0,0.042330437067607606,0.34739791706447054,-1.0577722548375852,-4.309125134433389,0.20404334483300332,0.0,0.39908415968738853,0.08597411227583598,0,0,0,0,0,0,0,0,0,0,1
-1.6699353871417781,0.0,2.144761058952719,-2.108615881965135,-8.881784197001252e-16,0.0,-0.11072851124570415,0.43453079995153904,-0.24689416440516723,-2.5380442143159843,0.10379047277719533,0.0,0.44831039964882796,0.07143834169745902,1,0,0,0,0,0,0,0,0,0,0
-1.6699353871417781,0.0,2.144761058952719,-2.108615881965135,-8.881784197001252e-16,0.0,-0.0008400355335828889,0.5956524245743923,-1.1208635348329645,-3.7402703588565496,0.07854280120801904,0.0,0.5467628795717082,0.04246479449965637,0,1,0,0,0,0,0,0,0,0,0
-1.6699353871417781,0.0,2.144761058952719,-2.108615881965135,-8.881784197001252e-16,0.0,-0.0008400355335828889,0.601995961147891,2.2405571206585635,-3.8962009908275044,-0.11936528203408192,0.0,0.5467628795717082,0.04246479449965637,0,0,1,0,0,0,0,0,0,0,0
-1.6699353871417781,0.0,2.144761058952719,-2.108615881965135,-8.881784197001252e-16,0.0,-0.0008400355335828889,0.601995961147891,2.2405571206585635,-3.8962009908275044,-0.11936528203408192,0.0,0.5467628795717082,0.04246479449965637,0,0,0,1,0,0,0,0,0,0,0
-1.6699353871417781,0.0,2.144761058952719,-2.108615881965135,-8.881784197001252e-16,0.0,-0.06755803864451367,0.5984268730500958,2.2405571206585635,-3.8962009908275044,-0.1934710186949749,0.0,0.4236972796681082,0.07870213240338425,0,0,0,0,1,0,0,0,0,0,0
-1.6699353871417781,0.0,2.144761058952719,-2.108615881965135,-8.881784197001252e-16,0.0,-0.06755803864451367,0.3638618231324834,-0.24689416440516723,-2.5380442143159843,0.10388715951035767,0.0,0.4236972796681082,0.07870213240338425,0,0,0,0,0,1,0,0,0,0,0
-1.6699353871417781,0.0,2.144761058952719,-2.108615881965135,-8.881784197001252e-16,0.0,-0.001514574167976486,0.38023158654319617,-0.17966575129533666,0.31580676135604896,0.07854280120801904,0.0,0.5467628795717082,2.2287841813579754,0,0,0,0,0,0,1,0,0,0,0
-1.6699353871417781,0.0,2.144761058952719,-2.108615881965135,-8.881784197001252e-16,0.0,-0.0008400355335828889,0.4423730177366892,-0.24689416440516723,-2.5380442143159843,0.07895579474513331,0.0,0.4236972796681082,0.07870213240338425,0,0,0,0,0,0,0,1,0,0,0
-1.6699353871417781,0.0,2.144761058952719,-2.108615881965135,-8.881784197001252e-16,0.0,-0.0008400355335828889,0.3807165918088541,-1.1208635348329645,-3.7402703588565496,0.07854280120801904,0.0,0.5467628795717082,0.04246479449965637,0,0,0,0,0,0,0,0,1,0,0
-1.6699353871417781,0.0,2.144761058952719,-2.108615881965135,-8.881784197001252e-16,0.0,0.651622789007137,0.24197849475007918,-1.1208635348329645,-3.7402703588565496,0.07854280120801904,0.0,0.5467628795717082,0.04246479449965637,0,0,0,0,0,0,0,0,0,1,0
-1.6699353871417781,0.0,2.144761058952719,-2.108615881965135,-8.881784197001252e-16,0.0,-0.0008400355335828889,0.2807535690172147,-1.1208635348329645,-3.7402703588565496,0.07854280120801904,0.0,0.5467628795717082,0.04246479449965637,0,0,0,0,0,0,0,0,0,0,1
-3.0004452361394756,0.0,2.144761058952719,-1.1291271000687986,-8.881784197001252e-16,0.0,-0.03419903708904827,0.3694103759229868,-0.17966575129533666,-0.8438256539240176,0.02890140491306805,0.0,0.5467628795717082,0.04246479449965637,1,0,0,0,0,0,0,0,0,0,0
-3.0004452361394756,0.0,2.144761058952719,-1.1291271000687986,-8.881784197001252e-16,0.0,0.01426962987683378,0.5317248622386442,-1.0536351217231341,-1.1958522811761876,-0.07005227344723873,0.0,0.5467628795717082,0.04246479449965637,0,1,0,0,0,0,0,0,0,0,0
-3.0004452361394756,0.0,2.144761058952719,-1.1291271000687986,-8.881784197001252e-16,0.0,0.01426962987683378,0.536824722226965,1.8829019629142651,-1.3616175207196013,-0.07005227344723873,0.0,0.5467628795717082,0.04246479449965637,0,0,1,0,0,0,0,0,0,0,0
-3.0004452361394756,0.0,2.144761058952719,-1.1291271000687986,-8.881784197001252e-16,0.0,0.01426962987683378,0.536824722226965,1.8829019629142651,-1.3616175207196013,-0.07005227344723873,0.0,0.5467628795717082,0.04246479449965637,0,0,0,1,0,0,0,0,0,0,0
-3.0004452361394756,0.0,2.144761058952719,-1.1291271000687986,-8.881784197001252e-16,0.0,-0.029097072145271224,0.5364455127207793,1.8829019629142651,-1.3616175207196013,-0.07005227344723873,0.0,0.4236972796681082,0.07870213240338425,0,0,0,0,1,0,0,0,0,0,0
-3.0004452361394756,0.0,2.144761058952719,-1.1291271000687986,-8.881784197001252e-16,0.0,-0.029097072145271224,0.3094073640888526,-0.17966575129533666,-0.8438256539240176,-0.07005227344723873,0.0,0.4236972796681082,0.07870213240338425,0,0,0,0,0,1,0,0,0,0,0
-3.0004452361394756,0.0,2.144761058952719,-1.1291271000687986,-8.881784197001252e-16,0.0,0.016023430326257145,0.32619362730476714,-0.17966575129533666,0.31580676135604896,-0.07005227344723873,0.0,0.5467628795717082,2.2287841813579754,0,0,0,0,0,0,1,0,0,0,0
-3.0004452361394756,0.0,2.144761058952719,-1.1291271000687986,-8.881784197001252e-16,0.0,0.01426962987683378,0.38987849923070644,-0.17966575129533666,-0.8438256539240176,-0.07005227344723873,0.0,0.4236972796681082,0.07870213240338425,0,0,0,0,0,0,0,1,0,0,0
-3.0004452361394756,0.0,2.144761058952719,-1.1291271000687986,-8.881784197001252e-16,0.0,0.01426962987683378,0.327598537459878,-1.0536351217231341,-1.1958522811761876,-0.07005227344723873,0.0,0.5467628795717082,0.04246479449965637,0,0,0,0,0,0,0,0,1,0,0
-3.0004452361394756,0.0,2.144761058952719,-1.1291271000687986,-8.881784197001252e-16,0.0,0.01426962987683378,0.18011203765442427,-1.0536351217231341,-1.1958522811761876,-0.07005227344723873,0.0,0.5467628795717082,0.04246479449965637,0,0,0,0,0,0,0,0,0,1,0
-3.0004452361394756,0.0,2.144761058952719,-1.1291271000687986,-8.881784197001252e-16,0.0,0.01426962987683378,0.22778396893920438,-1.0536351217231341,-1.1958522811761876,-0.07005227344723873,0.0,0.5467628795717082,0.04246479449965637,0,0,0,0,0,0,0,0,0,0,1
1.2292560954690943,0.0,2.144761058952719,-1.529694154157757,-8.881784197001252e-16,0.0,0.14181875347126024,0.30097757062433994,-0.17966575129533666,0.31580676135604896,-0.07005227344723873,0.0,0.5467628795717082,0.04246479449965637,1,0,0,0,0,0,0,0,0,0,0
1.2292560954690943,0.0,2.144761058952719,-1.529694154157757,-8.881784197001252e-16,0.0,0.042330437067607606,0.46687108849742076,-1.0536351217231341,0.31580676135604896,-0.07005227344723873,0.0,0.5467628795717082,0.04246479449965637,0,1,0,0,0,0,0,0,0,0,0
1.2292560954690943,0.0,2.144761058952719,-1.529694154157757,-8.881784197001252e-16,0.0,0.042330437067607606,0.47095968282878087,2.127613386634048,0.31580676135604896,-0.07005227344723873,0.0,0.5467628795717082,0.04246479449965637,0,0,1,0,0,0,0,0,0,0,0
1.2292560954690943,0.0,2.144761058952719,-1.529694154157757,-8.881784197001252e-16,0.0,0.042330437067607606,0.47095968282878087,2.127613386634048,0.31580676135604896,-0.07005227344723873,0.0,0.5467628795717082,0.04246479449965637,0,0,0,1,0,0,0,0,0,0,0
1.2292560954690943,0.0,2.144761058952719,-1.529694154157757,-8.881784197001252e-16,0.0,0.042330437067607606,0.4703307706343704,2.127613386634048,0.31580676135604896,-0.07005227344723873,0.0,0.4236972796681082,0.07870213240338425,0,0,0,0,1,0,0,0,0,0,0
1.2292560954690943,0.0,2.144761058952719,-1.529694154157757,-8.881784197001252e-16,0.0,0.042330437067607606,0.2500335062919259,-0.17966575129533666,0.31580676135604896,-0.07005227344723873,0.0,0.4236972796681082,0.07870213240338425,0,0,0,0,0,1,0,0,0,0,0
1.2292560954690943,0.0,2.144761058952719,-1.529694154157757,-8.881784197001252e-16,0.0,0.042330437067607606,0.27074202134017417,-0.17966575129533666,0.31580676135604896,-0.07005227344723873,0.0,0.5467628795717082,2.2287841813579754,0,0,0,0,0,0,1,0,0,0,0
1.2292560954690943,0.0,2.144761058952719,-1.529694154157757,-8.881784197001252e-16,0.0,0.042330437067607606,0.3346588960846104,-0.17966575129533666,0.31580676135604896,-0.07005227344723873,0.0,0.4236972796681082,0.07870213240338425,0,0,0,0,0,0,0,1,0,0,0
1.2292560954690943,0.0,2.144761058952719,-1.529694154157757,-8.881784197001252e-16,0.0,0.042330437067607606,0.27211713948569155,-1.0536351217231341,0.31580676135604896,-0.07005227344723873,0.0,0.5467628795717082,0.04246479449965637,0,0,0,0,0,0,0,0,1,0,0
1.2292560954690943,0.0,2.144761058952719,-1.529694154157757,-8.881784197001252e-16,0.0,0.042330437067607606,0.11823099557776216,-1.0536351217231341,0.31580676135604896,-0.07005227344723873,0.0,0.5467628795717082,0.04246479449965637,0,0,0,0,0,0,0,0,0,1,0
1.2292560954690943,0.0,2.144761058952719,-1.529694154157757,-8.881784197001252e-16,0.0,0.042330437067607606,0.17279653487852806,-1.0536351217231341,0.31580676135604896,-0.07005227344723873,0.0,0.5467628795717082,0.04246479449965637,0,0,0,0,0,0,0,0,0,0,1
0.06581721720586949,0.0,-0.46625240412015945,-1.1700609596107234,-8.881784197001252e-16,0.0,-0.3224600564124521,0.24125558012068296,-0.17966575129533666,0.31580676135604896,-0.5637272544381735,0.0,0.05450047995730886,0.18864950990674448,1,0,0,0,0,0,0,0,0,0,0
0.06581721720586949,0.0,-0.46625240412015945,-1.1700609596107234,-8.881784197001252e-16,0.0,-0.37858167079399974,0.40460104228128235,-1.0536351217231341,0.31580676135604896,-0.5637272544381735,0.0,0.05450047995730886,0.18864950990674448,0,1,0,0,0,0,0,0,0,0,0
0.06581721720586949,0.0,-0.46625240412015945,-1.1700609596107234,-8.881784197001252e-16,0.0,-0.37858167079399974,0.40785116763436063,2.442242359988055,0.31580676135604896,-0.5637272544381735,0.0,0.05450047995730886,0.18864950990674448,0,0,1,0,0,0,0,0,0,0,0
0.06581721720586949,0.0,-0.46625240412015945,-1.1700609596107234,-8.881784197001252e-16,0.0,-0.37858167079399974,0.40785116763436063,2.442242359988055,0.31580676135604896,-0.5637272544381735,0.0,0.05450047995730886,0.18864950990674448,0,0,0,1,0,0,0,0,0,0,0
0.06581721720586949,0.0,-0.46625240412015945,-1.1700609596107234,-8.881784197001252e-16,0.0,-0.35944930225483573,0.4070197120972012,2.442242359988055,0.31580676135604896,-0.5403426500754477,0.0,-0.04395199996557144,0.2182860467432632,0,0,0,0,1,0,0,0,0,0,0
0.06581721720586949,0.0,-0.46625240412015945,-1.1700609596107234,-8.881784197001252e-16,0.0,-0.3403169337156718,0.1928802490599201,-0.17966575129533666,0.31580676135604896,-0.5155905249897488,0.0,-0.01933887998485101,0.210864261764283,0,0,0,0,0,1,0,0,0,0,0
0.06581721720586949,0.0,-0.46625240412015945,-1.1700609596107234,-8.881784197001252e-16,0.0,-0.39611967528823333,0.2167382979727397,-0.17966575129533666,0.31580676135604896,-0.5637272544381735,0.0,0.05450047995730886,0.18864950990674448,0,0,0,0,0,0,1,0,0,0,0
0.06581721720586949,0.0,-0.46625240412015945,-1.1700609596107234,-8.881784197001252e-16,0.0,-0.3824081445018325,0.2806402842699664,-0.17966575129533666,0.31580676135604896,-0.5650947751611416,0.0,-0.06856511994629116,0.22571628959686346,0,0,0,0,0,0,0,1,0,0,0
0.06581721720586949,0.0,-0.46625240412015945,-1.1700609596107234,-8.881784197001252e-16,0.0,-0.37858167079399974,0.2180733760201267,-1.0536351217231341,0.31580676135604896,-0.5637272544381735,0.0,0.05450047995730886,0.18864950990674448,0,0,0,0,0,0,0,0,1,0,0
0.06581721720586949,0.0,-0.46625240412015945,-1.1700609596107234,-8.881784197001252e-16,0.0,-0.37858167079399974,0.05941132055087663,-1.0536351217231341,0.31580676135604896,-0.5637272544381735,0.0,0.05450047995730886,0.18864950990674448,0,0,0,0,0,0,0,0,0,1,0
0.06581721720586949,0.0,-0.46625240412015945,-1.1700609596107234,-8.881784197001252e-16,0.0,-0.37858167079399974,0.11945205986139175,-1.0536351217231341,0.31580676135604896,-0.5637272544381735,0.0,0.05450047995730886,0.18864950990674448,0,0,0,0,0,0,0,0,0,0,1
1.1300975613118145,0.0,-0.46625240412015945,-1.6466480385632685,-8.881784197001252e-16,0.0,-0.23827763484013062,0.17368905572200824,-0.7390061483691271,0.31580676135604896,0.42913862911901945,0.0,0.5467628795717082,0.04246479449965637,1,0,0,0,0,0,0,0,0,0,0
1.1300975613118145,0.0,-0.46625240412015945,-1.6466480385632685,-8.881784197001252e-16,0.0,-0.23827763484013062,0.33216573868711874,-1.0536351217231341,0.31580676135604896,0.42913862911901945,0.0,0.5467628795717082,0.04246479449965637,0,1,0,0,0,0,0,0,0,0,0
1.1300975613118145,0.0,-0.46625240412015945,-1.6466480385632685,-8.881784197001252e-16,0.0,-0.23827763484013062,0.3349667619655884,2.442242359988055,0.31580676135604896,-0.07005227344723873,0.0,0.05450047995730886,0.18864950990674448,0,0,1,0,0,0,0,0,0,0,0
1.1300975613118145,0.0,-0.46625240412015945,-1.6466480385632685,-8.881784197001252e-16,0.0,-0.23827763484013062,0.3349667619655884,2.442242359988055,0.31580676135604896,-0.07005227344723873,0.0,0.05450047995730886,0.18864950990674448,0,0,0,1,0,0,0,0,0,0,0
1.1300975613118145,0.0,-0.46625240412015945,-1.6466480385632685,-8.881784197001252e-16,0.0,-0.22552272248068794,0.3343255157885153,2.442242359988055,0.31580676135604896,-0.07005227344723873,0.0,-0.04395199996557144,0.2182860467432632,0,0,0,0,1,0,0,0,0,0,0
1.1300975613118145,0.0,-0.46625240412015945,-1.6466480385632685,-8.881784197001252e-16,0.0,-0.21276781012124532,0.12602268682156642,-0.7390061483691271,0.31580676135604896,-0.07005227344723873,0.0,-0.01933887998485101,0.210864261764283,0,0,0,0,0,1,0,0,0,0,0
1.1300975613118145,0.0,-0.46625240412015945,-1.6466480385632685,-8.881784197001252e-16,0.0,-0.220739630345897,0.14999452277052147,-0.17966575129533666,0.31580676135604896,-0.07005227344723873,0.0,0.05450047995730886,0.18864950990674448,0,0,0,0,0,0,1,0,0,0,0
1.1300975613118145,0.0,-0.46625240412015945,-1.6466480385632685,-8.881784197001252e-16,0.0,-0.24082861731201918,0.2137388275639002,-0.7390061483691271,0.31580676135604896,0.4305369229637367,0.0,0.4236972796681082,0.07870213240338425,0,0,0,0,0,0,0,1,0,0,0
1.1300975613118145,0.0,-0.46625240412015945,-1.6466480385632685,-8.881784197001252e-16,0.0,-0.23827763484013062,0.15186322695017818,-1.0536351217231341,0.31580676135604896,0.42913862911901945,0.0,0.5467628795717082,0.04246479449965637,0,0,0,0,0,0,0,0,1,0,0
1.1300975613118145,0.0,-0.46625240412015945,-1.6466480385632685,-8.881784197001252e-16,0.0,-0.23827763484013062,-0.006967876634393443,-1.0536351217231341,0.31580676135604896,-0.07005227344723873,0.0,0.05450047995730886,0.18864950990674448,0,0,0,0,0,0,0,0,0,1,0
1.1300975613118145,0.0,-0.46625240412015945,-1.6466480385632685,-8.881784197001252e-16,0.0,-0.23827763484013062,0.05474750312610981,-1.0536351217231341,0.31580676135604896,-0.07005227344723873,0.0,0.05450047995730886,0.18864950990674448,0,0,0,0,0,0,0,0,0,0,1
0.41494453200396764,0.0,-0.46625240412015945,-1.6466480385632685,-8.881784197001252e-16,0.0,0.042330437067607606,0.11419572758320949,-0.4942947246493436,0.31580676135604896,-0.07005227344723873,0.0,0.5467628795717082,0.04246479449965637,1,0,0,0,0,0,0,0,0,0,0
0.41494453200396764,0.0,-0.46625240412015945,-1.6466480385632685,-8.881784197001252e-16,0.0,0.042330437067607606,0.2680655471023203,-1.0536351217231341,0.31580676135604896,-0.07005227344723873,0.0,0.5467628795717082,0.04246479449965637,0,1,0,0,0,0,0,0,0,0,0
0.41494453200396764,0.0,-0.46625240412015945,-1.6466480385632685,-8.881784197001252e-16,0.0,0.042330437067607606,0.25840175076452215,2.442242359988055,0.31580676135604896,-0.07005227344723873,0.0,0.05450047995730886,0.18864950990674448,0,0,1,0,0,0,0,0,0,0,0
0.41494453200396764,0.0,-0.46625240412015945,-1.6466480385632685,-8.881784197001252e-16,0.0,0.042330437067607606,0.25840175076452215,2.442242359988055,0.31580676135604896,-0.07005227344723873,0.0,0.05450047995730886,0.18864950990674448,0,0,0,1,0,0,0,0,0,0,0
0.41494453200396764,0.0,-0.46625240412015945,-1.6466480385632685,-8.881784197001252e-16,0.0,0.042330437067607606,0.2581631728449739,2.442242359988055,0.31580676135604896,-0.07005227344723873,0.0,-0.04395199996557144,0.2182860467432632,0,0,0,0,1,0,0,0,0,0,0
0.41494453200396764,0.0,-0.46625240412015945,-1.6466480385632685,-8.881784197001252e-16,0.0,0.042330437067607606,0.055359849088904164,-0.4942947246493436,0.31580676135604896,-0.07005227344723873,0.0,-0.01933887998485101,0.210864261764283,0,0,0,0,0,1,0,0,0,0,0
0.41494453200396764,0.0,-0.46625240412015945,-1.6466480385632685,-8.881784197001252e-16,0.0,0.042330437067607606,0.0787031960683442,-0.17966575129533666,0.31580676135604896,-0.07005227344723873,0.0,0.05450047995730886,0.18864950990674448,0,0,0,0,0,0,1,0,0,0,0
0.41494453200396764,0.0,-0.46625240412015945,-1.6466480385632685,-8.881784197001252e-16,0.0,0.042330437067607606,0.15497707388697082,-0.4942947246493436,0.31580676135604896,-0.07005227344723873,0.0,0.4236972796681082,0.07870213240338425,0,0,0,0,0,0,0,1,0,0,0
0.41494453200396764,0.0,-0.46625240412015945,-1.6466480385632685,-8.881784197001252e-16,0.0,0.042330437067607606,0.09369483457645392,-1.0536351217231341,0.31580676135604896,-0.07005227344723873,0.0,0.5467628795717082,0.04246479449965637,0,0,0,0,0,0,0,0,1,0,0
0.41494453200396764,0.0,-0.46625240412015945,-1.6466480385632685,-8.881784197001252e-16,0.0,0.042330437067607606,-0.075916411698308,-1.0536351217231341,0.31580676135604896,-0.07005227344723873,0.0,0.05450047995730886,0.18864950990674448,0,0,0,0,0,0,0,0,0,1,0
0.41494453200396764,0.0,-0.46625240412015945,-1.6466480385632685,-8.881784197001252e-16,0.0,0.042330437067607606,-0.014748564030919876,-1.0536351217231341,0.31580676135604896,-0.07005227344723873,0.0,0.05450047995730886,0.18864950990674448,0,0,0,0,0,0,0,0,0,0,1
-3.2848484916644267,0.0,-0.46625240412015945,-1.1232794058484938,-8.881784197001252e-16,0.0,0.042330437067607606,0.06654084621563999,-0.17966575129533666,0.31580676135604896,-0.07005227344723873,0.0,0.5467628795717082,0.04246479449965637,1,0,0,0,0,0,0,0,0,0,0
-3.2848484916644267,0.0,-0.46625240412015945,-1.1232794058484938,-8.881784197001252e-16,0.0,0.042330437067607606,0.2158449155642936,-1.0536351217231341,0.31580676135604896,-0.07005227344723873,0.0,0.5467628795717082,0.04246479449965637,0,1,0,0,0,0,0,0,0,0,0
-3.2848484916644267,0.0,-0.46625240412015945,-1.1232794058484938,-8.881784197001252e-16,0.0,0.042330437067607606,0.18738618531198042,2.442242359988055,0.31580676135604896,-0.07005227344723873,0.0,0.05450047995730886,0.18864950990674448,0,0,1,0,0,0,0,0,0,0,0
-3.2848484916644267,0.0,-0.46625240412015945,-1.1232794058484938,-8.881784197001252e-16,0.0,0.042330437067607606,0.18738618531198042,2.442242359988055,0.31580676135604896,-0.07005227344723873,0.0,0.05450047995730886,0.18864950990674448,0,0,0,1,0,0,0,0,0,0,0
-3.2848484916644267,0.0,-0.46625240412015945,-1.1232794058484938,-8.881784197001252e-16,0.0,0.042330437067607606,0.18749295890699352,2.442242359988055,0.31580676135604896,-0.07005227344723873,0.0,-0.04395199996557144,0.2182860467432632,0,0,0,0,1,0,0,0,0,0,0
-3.2848484916644267,0.0,-0.46625240412015945,-1.1232794058484938,-8.881784197001252e-16,0.0,0.042330437067607606,-0.010224894507195362,-0.17966575129533666,0.31580676135604896,-0.07005227344723873,0.0,-0.01933887998485101,0.210864261764283,0,0,0,0,0,1,0,0,0,0,0
-3.2848484916644267,0.0,-0.46625240412015945,-1.1232794058484938,-8.881784197001252e-16,0.0,0.042330437067607606,0.012537349575827961,-0.17966575129533666,0.31580676135604896,-0.07005227344723873,0.0,0.05450047995730886,0.18864950990674448,0,0,0,0,0,0,1,0,0,0,0
-3.2848484916644267,0.0,-0.46625240412015945,-1.1232794058484938,-8.881784197001252e-16,0.0,0.042330437067607606,0.10851798423071132,-0.17966575129533666,0.31580676135604896,-0.07005227344723873,0.0,0.4236972796681082,0.07870213240338425,0,0,0,0,0,0,0,1,0,0,0
-3.2848484916644267,0.0,-0.46625240412015945,-1.1232794058484938,-8.881784197001252e-16,0.0,0.042330437067607606,0.04753442077487498,-1.0536351217231341,0.31580676135604896,-0.07005227344723873,0.0,0.5467628795717082,0.04246479449965637,0,0,0,0,0,0,0,0,1,0,0
-3.2848484916644267,0.0,-0.46625240412015945,-1.1232794058484938,-8.881784197001252e-16,0.0,0.042330437067607606,-0.13979120579601215,-1.0536351217231341,0.31580676135604896,-0.07005227344723873,0.0,0.05450047995730886,0.18864950990674448,0,0,0,0,0,0,0,0,0,1,0
-3.2848484916644267,0.0,-0.46625240412015945,-1.1232794058484938,-8.881784197001252e-16,0.0,0.042330437067607606,-0.07920474821336229,-1.0536351217231341,0.31580676135604896,-0.07005227344723873,0.0,0.05450047995730886,0.18864950990674448,0,0,0,0,0,0,0,0,0,0,1
0.3263076429501309,0.0,-0.46625240412015945,-0.29290682656921985,-8.881784197001252e-16,0.0,0.042330437067607606,0.020684791574478105,-0.17966575129533666,0.31580676135604896,-0.07005227344723873,0.0,0.5467628795717082,0.04246479449965637,1,0,0,0,0,0,0,0,0,0,0
0.3263076429501309,0.0,-0.46625240412015945,-0.29290682656921985,-8.881784197001252e-16,0.0,0.042330437067607606,0.16581356594893554,-1.0536351217231341,0.31580676135604896,-0.07005227344723873,0.0,0.5467628795717082,0.04246479449965637,0,1,0,0,0,0,0,0,0,0,0
0.3263076429501309,0.0,-0.46625240412015945,-0.29290682656921985,-8.881784197001252e-16,0.0,0.042330437067607606,0.12128075417326764,2.442242359988055,0.31580676135604896,-0.07005227344723873,0.0,0.05450047995730886,0.18864950990674448,0,0,1,0,0,0,0,0,0,0,0
0.3263076429501309,0.0,-0.46625240412015945,-0.29290682656921985,-8.881784197001252e-16,0.0,0.042330437067607606,0.12128075417326764,2.442242359988055,0.31580676135604896,-0.07005227344723873,0.0,0.05450047995730886,0.18864950990674448,0,0,0,1,0,0,0,0,0,0,0
0.3263076429501309,0.0,-0.46625240412015945,-0.29290682656921985,-8.881784197001252e-16,0.0,0.042330437067607606,0.12168511533037352,2.442242359988055,0.31580676135604896,-0.07005227344723873,0.0,-0.04395199996557144,0.2182860467432632,0,0,0,0,1,0,0,0,0,0,0
0.3263076429501309,0.0,-0.46625240412015945,-0.29290682656921985,-8.881784197001252e-16,0.0,0.042330437067607606,-0.07131184575888266,-0.17966575129533666,0.31580676135604896,-0.07005227344723873,0.0,-0.01933887998485101,0.210864261764283,0,0,0,0,0,1,0,0,0,0,0
0.3263076429501309,0.0,-0.46625240412015945,-0.29290682656921985,-8.881784197001252e-16,0.0,0.042330437067607606,-0.049088654155893495,-0.17966575129533666,0.31580676135604896,-0.07005227344723873,0.0,0.05450047995730886,0.18864950990674448,0,0,0,0,0,0,1,0,0,0,0
0.3263076429501309,0.0,-0.46625240412015945,-0.29290682656921985,-8.881784197001252e-16,0.0,0.042330437067607606,0.0635988285863372,-0.17966575129533666,0.31580676135604896,-0.07005227344723873,0.0,0.4236972796681082,0.07870213240338425,0,0,0,0,0,0,0,1,0,0,0
0.3263076429501309,0.0,-0.46625240412015945,-0.29290682656921985,-8.881784197001252e-16,0.0,0.042330437067607606,0.0029874611955640904,-1.0536351217231341,0.31580676135604896,-0.07005227344723873,0.0,0.5467628795717082,0.04246479449965637,0,0,0,0,0,0,0,0,1,0,0
0.3263076429501309,0.0,-0.46625240412015945,-0.29290682656921985,-8.881784197001252e-16,0.0,0.042330437067607606,-0.19918562023070985,-1.0536351217231341,0.31580676135604896,-0.07005227344723873,0.0,0.05450047995730886,0.18864950990674448,0,0,0,0,0,0,0,0,0,1,0
0.3263076429501309,0.0,-0.46625240412015945,-0.29290682656921985,-8.881784197001252e-16,0.0,0.042330437067607606,-0.13920183489896187,-1.0536351217231341,0.31580676135604896,-0.07005227344723873,0.0,0.05450047995730886,0.18864950990674448,0,0,0,0,0,0,0,0,0,0,1
-0.2737449656799758,0.0,-0.46625240412015945,0.07257406219807676,-8.881784197001252e-16,0.0,0.042330437067607606,-0.023390816392870988,-0.17966575129533666,0.31580676135604896,-0.07005227344723873,0.0,0.5467628795717082,0.04246479449965637,1,0,0,0,0,0,0,0,0,0,0
-0.2737449656799758,0.0,-0.46625240412015945,0.07257406219807676,-8.881784197001252e-16,0.0,0.042330437067607606,0.11789955002404569,-1.0536351217231341,0.31580676135604896,-0.07005227344723873,0.0,0.5467628795717082,0.04246479449965637,0,1,0,0,0,0,0,0,0,0,0
-0.2737449656799758,0.0,-0.46625240412015945,0.07257406219807676,-8.881784197001252e-16,0.0,0.042330437067607606,0.059544092246600795,2.442242359988055,0.31580676135604896,-0.07005227344723873,0.0,0.05450047995730886,0.18864950990674448,0,0,1,0,0,0,0,0,0,0,0
-0.2737449656799758,0.0,-0.46625240412015945,0.07257406219807676,-8.881784197001252e-16,0.0,0.042330437067607606,0.059544092246600795,2.442242359988055,0.31580676135604896,-0.07005227344723873,0.0,0.05450047995730886,0.18864950990674448,0,0,0,1,0,0,0,0,0,0,0
-0.2737449656799758,0.0,-0.46625240412015945,0.07257406219807676,-8.881784197001252e-16,0.0,0.042330437067607606,0.06020662058983799,2.442242359988055,0.31580676135604896,-0.07005227344723873,0.0,-0.04395199996557144,0.2182860467432632,0,0,0,0,1,0,0,0,0,0,0
-0.2737449656799758,0.0,-0.46625240412015945,0.07257406219807676,-8.881784197001252e-16,0.0,0.042330437067607606,-0.12839267107309354,-0.17966575129533666,0.31580676135604896,-0.07005227344723873,0.0,-0.01933887998485101,0.210864261764283,0,0,0,0,0,1,0,0,0,0,0
-0.2737449656799758,0.0,-0.46625240412015945,0.07257406219807676,-8.881784197001252e-16,0.0,0.042330437067607606,-0.10667157534767426,-0.17966575129533666,0.31580676135604896,-0.07005227344723873,0.0,0.05450047995730886,0.18864950990674448,0,0,0,0,0,0,1,0,0,0,0
-0.2737449656799758,0.0,-0.46625240412015945,0.07257406219807676,-8.881784197001252e-16,0.0,0.042330437067607606,0.020252134810086822,-0.17966575129533666,0.31580676135604896,-0.07005227344723873,0.0,0.4236972796681082,0.07870213240338425,0,0,0,0,0,0,0,1,0,0,0
-0.2737449656799758,0.0,-0.46625240412015945,0.07257406219807676,-8.881784197001252e-16,0.0,0.042330437067607606,-0.039933831100213805,-1.0536351217231341,0.31580676135604896,-0.07005227344723873,0.0,0.5467628795717082,0.04246479449965637,0,0,0,0,0,0,0,0,1,0,0
-0.2737449656799758,0.0,-0.46625240412015945,0.07257406219807676,-8.881784197001252e-16,0.0,0.042330437067607606,-0.25460002775004126,-1.0536351217231341,0.31580676135604896,-0.07005227344723873,0.0,0.05450047995730886,0.18864950990674448,0,0,0,0,0,0,0,0,0,1,0
-0.2737449656799758,0.0,-0.46625240412015945,0.07257406219807676,-8.881784197001252e-16,0.0,0.042330437067607606,-0.19523149049465555,-1.0536351217231341,0.31580676135604896,-0.07005227344723873,0.0,0.05450047995730886,0.18864950990674448,0,0,0,0,0,0,0,0,0,0,1
0.40250986051802734,0.0,-0.46625240412015945,1.4029244973110315,-8.881784197001252e-16,0.0,0.042330437067607606,-0.06573120228950512,-0.17966575129533666,0.31580676135604896,-0.07005227344723873,0.0,0.5467628795717082,0.04246479449965637,1,0,0,0,0,0,0,0,0,0,0
0.40250986051802734,0.0,-0.46625240412015945,1.4029244973110315,-8.881784197001252e-16,0.0,0.042330437067607606,0.07201435332580813,-1.0536351217231341,0.31580676135604896,-0.07005227344723873,0.0,0.5467628795717082,0.04246479449965637,0,1,0,0,0,0,0,0,0,0,0
0.40250986051802734,0.0,-0.46625240412015945,1.4029244973110315,-8.881784197001252e-16,0.0,0.042330437067607606,0.0017151262389049965,2.442242359988055,0.31580676135604896,-0.07005227344723873,0.0,0.05450047995730886,0.18864950990674448,0,0,1,0,0,0,0,0,0,0,0
0.40250986051802734,0.0,-0.46625240412015945,1.4029244973110315,-8.881784197001252e-16,0.0,0.042330437067607606,0.0017151262389049965,2.442242359988055,0.31580676135604896,-0.07005227344723873,0.0,0.05450047995730886,0.18864950990674448,0,0,0,1,0,0,0,0,0,0,0
0.40250986051802734,0.0,-0.46625240412015945,1.4029244973110315,-8.881784197001252e-16,0.0,0.042330437067607606,0.0026028102264389393,2.442242359988055,0.31580676135604896,-0.07005227344723873,0.0,-0.04395199996557144,0.2182860467432632,0,0,0,0,1,0,0,0,0,0,0
0.40250986051802734,0.0,-0.46625240412015945,1.4029244973110315,-8.881784197001252e-16,0.0,0.042330437067607606,-0.1818866049389689,-0.17966575129533666,0.31580676135604896,-0.07005227344723873,0.0,-0.01933887998485101,0.210864261764283,0,0,0,0,0,1,0,0,0,0,0
0.40250986051802734,0.0,-0.46625240412015945,1.4029244973110315,-8.881784197001252e-16,0.0,0.042330437067607606,-0.16063486562243315,-0.17966575129533666,0.31580676135604896,-0.07005227344723873,0.0,0.05450047995730886,0.18864950990674448,0,0,0,0,0,0,1,0,0,0,0
0.40250986051802734,0.0,-0.46625240412015945,1.4029244973110315,-8.881784197001252e-16,0.0,0.042330437067607606,-0.021527417639580562,-0.17966575129533666,0.31580676135604896,-0.07005227344723873,0.0,0.4236972796681082,0.07870213240338425,0,0,0,0,0,0,0,1,0,0,0
0.40250986051802734,0.0,-0.46625240412015945,1.4029244973110315,-8.881784197001252e-16,0.0,0.042330437067607606,-0.08124964998603507,-1.0536351217231341,0.31580676135604896,-0.07005227344723873,0.0,0.5467628795717082,0.04246479449965637,0,0,0,0,0,0,0,0,1,0,0
0.40250986051802734,0.0,-0.46625240412015945,1.4029244973110315,-8.881784197001252e-16,0.0,0.042330437067607606,-0.30646055536287004,-1.0536351217231341,0.31580676135604896,-0.07005227344723873,0.0,0.05450047995730886,0.18864950990674448,0,0,0,0,0,0,0,0,0,1,0
0.40250986051802734,0.0,-0.46625240412015945,1.4029244973110315,-8.881784197001252e-16,0.0,0.042330437067607606,-0.24771258672538735,-1.0536351217231341,0.31580676135604896,-0.07005227344723873,0.0,0.05450047995730886,0.18864950990674448,0,0,0,0,0,0,0,0,0,0,1
-0.045138312976518484,0.0,-0.46625240412015945,0.9468043481294696,-8.881784197001252e-16,0.0,0.042330437067607606,-0.10639658497195535,-0.17966575129533666,0.31580676135604896,-0.07005227344723873,0.0,0.5467628795717082,0.04246479449965637,1,0,0,0,0,0,0,0,0,0,0
-0.045138312976518484,0.0,-0.46625240412015945,0.9468043481294696,-8.881784197001252e-16,0.0,0.042330437067607606,0.02806160149949318,-1.0536351217231341,0.31580676135604896,-0.07005227344723873,0.0,0.5467628795717082,0.04246479449965637,0,1,0,0,0,0,0,0,0,0,0
-0.045138312976518484,0.0,-0.46625240412015945,0.9468043481294696,-8.881784197001252e-16,0.0,0.042330437067607606,-0.05260167774482509,2.442242359988055,0.31580676135604896,-0.07005227344723873,0.0,0.05450047995730886,0.18864950990674448,0,0,1,0,0,0,0,0,0,0,0
-0.045138312976518484,0.0,-0.46625240412015945,0.9468043481294696,-8.881784197001252e-16,0.0,0.042330437067607606,-0.05260167774482509,2.442242359988055,0.31580676135604896,-0.07005227344723873,0.0,0.05450047995730886,0.18864950990674448,0,0,0,1,0,0,0,0,0,0,0
-0.045138312976518484,0.0,-0.46625240412015945,0.9468043481294696,-8.881784197001252e-16,0.0,0.042330437067607606,-0.051517133720278684,2.442242359988055,0.31580676135604896,-0.07005227344723873,0.0,-0.04395199996557144,0.2182860467432632,0,0,0,0,1,0,0,0,0,0,0
-0.045138312976518484,0.0,-0.46625240412015945,0.9468043481294696,-8.881784197001252e-16,0.0,0.042330437067607606,-0.23215375128170637,-0.17966575129533666,0.31580676135604896,-0.07005227344723873,0.0,-0.01933887998485101,0.210864261764283,0,0,0,0,0,1,0,0,0,0,0
-0.045138312976518484,0.0,-0.46625240412015945,0.9468043481294696,-8.881784197001252e-16,0.0,0.042330437067607606,-0.21134234723837667,-0.17966575129533666,0.31580676135604896,-0.07005227344723873,0.0,0.05450047995730886,0.18864950990674448,0,0,0,0,0,0,1,0,0,0,0
-0.045138312976518484,0.0,-0.46625240412015945,0.9468043481294696,-8.881784197001252e-16,0.0,0.042330437067607606,-0.06176884989834242,-0.17966575129533666,0.31580676135604896,-0.07005227344723873,0.0,0.4236972796681082,0.07870213240338425,0,0,0,0,0,0,0,1,0,0,0
-0.045138312976518484,0.0,-0.46625240412015945,0.9468043481294696,-8.881784197001252e-16,0.0,0.042330437067607606,-0.12100026228765196,-1.0536351217231341,0.31580676135604896,-0.07005227344723873,0.0,0.5467628795717082,0.04246479449965637,0,0,0,0,0,0,0,0,1,0,0
-0.045138312976518484,0.0,-0.46625240412015945,0.9468043481294696,-8.881784197001252e-16,0.0,0.042330437067607606,-0.3551314183219483,-1.0536351217231341,0.31580676135604896,-0.07005227344723873,0.0,0.05450047995730886,0.18864950990674448,0,0,0,0,0,0,0,0,0,1,0
-0.045138312976518484,0.0,-0.46625240412015945,0.9468043481294696,-8.881784197001252e-16,0.0,0.042330437067607606,-0.2970046229093622,-1.0536351217231341,0.31580676135604896,-0.07005227344723873,0.0,0.05450047995730886,0.18864950990674448,0,0,0,0,0,0,0,0,0,0,1
0.6496091015851579,0.0,-0.46625240412015945,1.0052812903322255,-8.881784197001252e-16,0.0,0.042330437067607606,-0.14545576871605692,-0.17966575129533666,0.31580676135604896,-0.07005227344723873,0.0,0.5467628795717082,0.04246479449965637,1,0,0,0,0,0,0,0,0,0,0
0.6496091015851579,0.0,-0.46625240412015945,1.0052812903322255,-8.881784197001252e-16,0.0,0.042330437067607606,-0.014057981923194804,-1.0536351217231341,0.31580676135604896,-0.07005227344723873,0.0,0.5467628795717082,0.04246479449965637,0,1,0,0,0,0,0,0,0,0,0
0.6496091015851579,0.0,-0.46625240412015945,1.0052812903322255,-8.881784197001252e-16,0.0,0.042330437067607606,-0.10374804357719113,2.442242359988055,0.31580676135604896,-0.07005227344723873,0.0,0.05450047995730886,0.18864950990674448,0,0,1,0,0,0,0,0,0,0,0
0.6496091015851579,0.0,-0.46625240412015945,1.0052812903322255,-8.881784197001252e-16,0.0,0.042330437067607606,-0.10374804357719113,2.442242359988055,0.31580676135604896,-0.07005227344723873,0.0,0.05450047995730886,0.18864950990674448,0,0,0,1,0,0,0,0,0,0,0
0.6496091015851579,0.0,-0.46625240412015945,1.0052812903322255,-8.881784197001252e-16,0.0,0.042330437067607606,-0.10249070287396472,2.442242359988055,0.31580676135604896,-0.07005227344723873,0.0,-0.04395199996557144,0.2182860467432632,0,0,0,0,1,0,0,0,0,0,0
0.6496091015851579,0.0,-0.46625240412015945,1.0052812903322255,-8.881784197001252e-16,0.0,0.042330437067607606,-0.2795065709954332,-0.17966575129533666,0.31580676135604896,-0.07005227344723873,0.0,-0.01933887998485101,0.210864261764283,0,0,0,0,0,1,0,0,0,0,0
0.6496091015851579,0.0,-0.46625240412015945,1.0052812903322255,-8.881784197001252e-16,0.0,0.042330437067607606,-0.2591087181355073,-0.17966575129533666,0.31580676135604896,-0.07005227344723873,0.0,0.05450047995730886,0.18864950990674448,0,0,0,0,0,0,1,0,0,0,0
0.6496091015851579,0.0,-0.46625240412015945,1.0052812903322255,-8.881784197001252e-16,0.0,0.042330437067607606,-0.100516419198107,-0.17966575129533666,0.31580676135604896,-0.07005227344723873,0.0,0.4236972796681082,0.07870213240338425,0,0,0,0,0,0,0,1,0,0,0
0.6496091015851579,0.0,-0.46625240412015945,1.0052812903322255,-8.881784197001252e-16,0.0,0.042330437067607606,-0.15923875249907435,-1.0536351217231341,0.31580676135604896,-0.07005227344723873,0.0,0.5467628795717082,0.04246479449965637,0,0,0,0,0,0,0,0,1,0,0
0.6496091015851579,0.0,-0.46625240412015945,1.0052812903322255,-8.881784197001252e-16,0.0,0.042330437067607606,-0.40092677042098457,-1.0536351217231341,0.31580676135604896,-0.07005227344723873,0.0,0.05450047995730886,0.18864950990674448,0,0,0,0,0,0,0,0,0,1,0
0.6496091015851579,0.0,-0.46625240412015945,1.0052812903322255,-8.881784197001252e-16,0.0,0.042330437067607606,-0.3434180042769296,-1.0536351217231341,0.31580676135604896,-0.07005227344723873,0.0,0.05450047995730886,0.18864950990674448,0,0,0,0,0,0,0,0,0,0,1
-0.10763050813669402,0.0,-0.46625240412015945,1.0052812903322255,-8.881784197001252e-16,0.0,0.042330437067607606,-0.18298251557498915,-0.17966575129533666,0.31580676135604896,0.30020396229596485,0.0,0.9159596792825083,-0.06503594329274173,1,0,0,0,0,0,0,0,0,0,0
-0.10763050813669402,0.0,-0.46625240412015945,1.0052812903322255,-8.881784197001252e-16,0.0,0.042330437067607606,-0.054443068803560445,-1.0536351217231341,0.31580676135604896,-0.07005227344723873,0.0,0.5467628795717082,0.04246479449965637,0,1,0,0,0,0,0,0,0,0,0
-0.10763050813669402,0.0,-0.46625240412015945,1.0052812903322255,-8.881784197001252e-16,0.0,0.042330437067607606,-0.15202059144909602,2.442242359988055,0.31580676135604896,-0.07005227344723873,0.0,0.05450047995730886,0.18864950990674448,0,0,1,0,0,0,0,0,0,0,0
-0.10763050813669402,0.0,-0.46625240412015945,1.0052812903322255,-8.881784197001252e-16,0.0,0.042330437067607606,-0.15202059144909602,2.442242359988055,0.31580676135604896,-0.07005227344723873,0.0,0.05450047995730886,0.18864950990674448,0,0,0,1,0,0,0,0,0,0,0
-0.10763050813669402,0.0,-0.46625240412015945,1.0052812903322255,-8.881784197001252e-16,0.0,0.042330437067607606,-0.150611010704962,2.442242359988055,0.31580676135604896,-0.07005227344723873,0.0,-0.04395199996557144,0.2182860467432632,0,0,0,0,1,0,0,0,0,0,0
-0.10763050813669402,0.0,-0.46625240412015945,1.0052812903322255,-8.881784197001252e-16,0.0,0.5359455453780381,-0.32421580709174047,-0.17966575129533666,0.31580676135604896,0.5049810074328013,0.0,0.5467628795717082,0.04246479449965637,0,0,0,0,0,1,0,0,0,0,0
-0.10763050813669402,0.0,-0.46625240412015945,1.0052812903322255,-8.881784197001252e-16,0.0,0.042330437067607606,-0.30420763855415867,-0.17966575129533666,0.31580676135604896,0.42913862911901945,0.0,0.5467628795717082,0.04246479449965637,0,0,0,0,0,0,1,0,0,0,0
-0.10763050813669402,0.0,-0.46625240412015945,1.0052812903322255,-8.881784197001252e-16,0.0,0.042330437067607606,-0.13782369371847872,-0.17966575129533666,0.31580676135604896,-0.07005227344723873,0.0,0.4236972796681082,0.07870213240338425,0,0,0,0,0,0,0,1,0,0,0
-0.10763050813669402,0.0,-0.46625240412015945,1.0052812903322255,-8.881784197001252e-16,0.0,0.042330437067607606,-0.19602546039823157,-1.0536351217231341,0.31580676135604896,-0.07005227344723873,0.0,0.5467628795717082,0.04246479449965637,0,0,0,0,0,0,0,0,1,0,0
-0.10763050813669402,0.0,-0.46625240412015945,1.0052812903322255,-8.881784197001252e-16,0.0,0.042330437067607606,-0.4441192894139484,-1.0536351217231341,0.31580676135604896,-0.07005227344723873,0.0,0.05450047995730886,0.18864950990674448,0,0,0,0,0,0,0,0,0,1,0
-0.10763050813669402,0.0,-0.46625240412015945,1.0052812903322255,-8.881784197001252e-16,0.0,0.042330437067607606,-0.3872222646256948,-1.0536351217231341,0.31580676135604896,0.42913862911901945,0.0,0.5467628795717082,0.04246479449965637,0,0,0,0,0,0,0,0,0,0,1
