timestamp,gold_code,buy_price,sell_price
2025-01-25,SJCVIETNAM,86800000.0,88800000.0
2025-01-25,XAUUSD,2737.5,2737.5
2025-01-26,XAUUSD,2737.5,2737.5
2025-01-27,XAUUSD,2737.5,2737.5
2025-01-28,XAUUSD,2766.800048828125,2766.800048828125
2025-01-29,XAUUSD,2769.10009765625,2769.10009765625
2025-01-30,XAUUSD,2823.0,2823.0
2025-01-31,XAUUSD,2812.5,2812.5
2025-02-01,SJCVIETNAM,86800000.0,88800000.0
2025-02-01,XAUUSD,2812.5,2812.5
2025-02-02,XAUUSD,2812.5,2812.5
2025-02-03,SJCVIETNAM,86800000.0,88800000.0
2025-02-03,XAUUSD,2833.89990234375,2833.89990234375
2025-02-04,SJCVIETNAM,87800000.0,90300000.0
2025-02-04,XAUUSD,2853.300048828125,2853.300048828125
2025-02-05,SJCVIETNAM,88000000.0,91000000.0
2025-02-05,XAUUSD,2871.60009765625,2871.60009765625
2025-02-06,SJCVIETNAM,88200000.0,91200000.0
2025-02-06,XAUUSD,2856.0,2856.0
2025-02-07,SJCVIETNAM,86500000.0,90000000.0
2025-02-07,XAUUSD,2867.300048828125,2867.300048828125
2025-02-08,XAUUSD,2867.300048828125,2867.300048828125
2025-02-09,XAUUSD,2867.300048828125,2867.300048828125
2025-02-10,SJCVIETNAM,87300000.0,90300000.0
2025-02-10,XAUUSD,2914.300048828125,2914.300048828125
2025-02-11,SJCVIETNAM,89800000.0,92800000.0
2025-02-11,XAUUSD,2912.5,2912.5
2025-02-12,SJCVIETNAM,86700000.0,90200000.0
2025-02-12,XAUUSD,2909.0,2909.0
2025-02-13,SJCVIETNAM,87400000.0,90400000.0
2025-02-13,XAUUSD,2925.89990234375,2925.89990234375
2025-02-14,SJCVIETNAM,88300000.0,91300000.0
2025-02-14,XAUUSD,2883.60009765625,2883.60009765625
2025-02-15,SJCVIETNAM,87300000.0,90300000.0
2025-02-15,XAUUSD,2883.60009765625,2883.60009765625
2025-02-16,XAUUSD,2883.60009765625,2883.60009765625
2025-02-17,SJCVIETNAM,87300000.0,90300000.0
2025-02-17,XAUUSD,2883.60009765625,2883.60009765625
2025-02-18,SJCVIETNAM,88300000.0,90800000.0
2025-02-18,XAUUSD,2931.60009765625,2931.60009765625
2025-02-19,SJCVIETNAM,89400000.0,91700000.0
2025-02-19,XAUUSD,2919.39990234375,2919.39990234375
2025-02-20,SJCVIETNAM,89800000.0,92100000.0
2025-02-20,XAUUSD,2940.0,2940.0
2025-02-21,SJCVIETNAM,89700000.0,92000000.0
2025-02-21,XAUUSD,2937.60009765625,2937.60009765625
2025-02-22,SJCVIETNAM,89400000.0,91700000.0
2025-02-22,XAUUSD,2937.60009765625,2937.60009765625
2025-02-23,XAUUSD,2937.60009765625,2937.60009765625
2025-02-24,SJCVIETNAM,89200000.0,91500000.0
2025-02-24,XAUUSD,2947.89990234375,2947.89990234375
2025-02-25,SJCVIETNAM,90000000.0,92300000.0
2025-02-25,XAUUSD,2904.5,2904.5
2025-02-26,SJCVIETNAM,89400000.0,91700000.0
2025-02-26,XAUUSD,2916.800048828125,2916.800048828125
2025-02-27,SJCVIETNAM,89200000.0,91500000.0
2025-02-27,XAUUSD,2883.199951171875,2883.199951171875
2025-02-28,SJCVIETNAM,88900000.0,90900000.0
2025-02-28,XAUUSD,2836.800048828125,2836.800048828125
2025-03-01,SJCVIETNAM,88300000.0,90300000.0
2025-03-01,XAUUSD,2836.800048828125,2836.800048828125
2025-03-02,XAUUSD,2836.800048828125,2836.800048828125
2025-03-03,SJCVIETNAM,89000000.0,91000000.0
2025-03-03,XAUUSD,2890.199951171875,2890.199951171875
2025-03-04,SJCVIETNAM,89600000.0,91600000.0
2025-03-04,XAUUSD,2909.60009765625,2909.60009765625
2025-03-05,XAUUSD,2915.300048828125,2915.300048828125
2025-03-06,SJCVIETNAM,91000000.0,93000000.0
2025-03-06,XAUUSD,2916.60009765625,2916.60009765625
2025-03-07,SJCVIETNAM,90900000.0,92900000.0
2025-03-07,XAUUSD,2904.699951171875,2904.699951171875
2025-03-08,SJCVIETNAM,90900000.0,92900000.0
2025-03-08,XAUUSD,2904.699951171875,2904.699951171875
2025-03-09,XAUUSD,2904.699951171875,2904.699951171875
2025-03-10,SJCVIETNAM,91100000.0,93100000.0
2025-03-10,XAUUSD,2891.0,2891.0
2025-03-11,SJCVIETNAM,90600000.0,92600000.0
2025-03-11,XAUUSD,2912.89990234375,2912.89990234375
2025-03-12,SJCVIETNAM,91600000.0,93300000.0
2025-03-12,XAUUSD,2939.10009765625,2939.10009765625
2025-03-13,SJCVIETNAM,92500000.0,94200000.0
2025-03-13,XAUUSD,2984.300048828125,2984.300048828125
2025-03-14,SJCVIETNAM,94100000.0,95600000.0
2025-03-14,XAUUSD,2994.5,2994.5
2025-03-15,XAUUSD,2994.5,2994.5
2025-03-16,XAUUSD,2994.5,2994.5
2025-03-17,SJCVIETNAM,94800000.0,96100000.0
2025-03-17,XAUUSD,3000.0,3000.0
2025-03-18,SJCVIETNAM,95400000.0,96900000.0
2025-03-18,XAUUSD,3035.10009765625,3035.10009765625
2025-03-19,SJCVIETNAM,97100000.0,98600000.0
2025-03-19,XAUUSD,3035.89990234375,3035.89990234375
2025-03-20,SJCVIETNAM,98600000.0,100400000.0
2025-03-20,XAUUSD,3040.0,3040.0
2025-03-21,SJCVIETNAM,94700000.0,97700000.0
2025-03-21,XAUUSD,3018.199951171875,3018.199951171875
2025-03-22,SJCVIETNAM,94700000.0,97700000.0
2025-03-22,XAUUSD,3018.199951171875,3018.199951171875
2025-03-23,SJCVIETNAM,94400000.0,97400000.0
2025-03-23,XAUUSD,3018.199951171875,3018.199951171875
2025-03-24,SJCVIETNAM,94400000.0,97400000.0
2025-03-24,XAUUSD,3013.10009765625,3013.10009765625
2025-03-25,SJCVIETNAM,94900000.0,97400000.0
2025-03-25,XAUUSD,3023.699951171875,3023.699951171875
2025-03-26,SJCVIETNAM,96500000.0,98200000.0
2025-03-26,XAUUSD,3020.89990234375,3020.89990234375
2025-03-27,SJCVIETNAM,96700000.0,98400000.0
2025-03-27,XAUUSD,3060.199951171875,3060.199951171875
2025-03-28,SJCVIETNAM,98200000.0,99900000.0
2025-03-28,XAUUSD,3086.5,3086.5
2025-03-29,SJCVIETNAM,98400000.0,100700000.0
2025-03-29,XAUUSD,3086.5,3086.5
2025-03-30,XAUUSD,3086.5,3086.5
2025-03-31,SJCVIETNAM,98700000.0,100700000.0
2025-03-31,XAUUSD,3122.800048828125,3122.800048828125
2025-04-01,SJCVIETNAM,99800000.0,102100000.0
2025-04-01,XAUUSD,3118.89990234375,3118.89990234375
2025-04-02,SJCVIETNAM,99100000.0,101800000.0
2025-04-02,XAUUSD,3139.89990234375,3139.89990234375
2025-04-03,SJCVIETNAM,99800000.0,102500000.0
2025-04-03,XAUUSD,3097.0,3097.0
2025-04-04,SJCVIETNAM,99400000.0,101900000.0
2025-04-04,XAUUSD,3012.0,3012.0
2025-04-05,SJCVIETNAM,97100000.0,100100000.0
2025-04-05,XAUUSD,3012.0,3012.0
2025-04-06,XAUUSD,3012.0,3012.0
2025-04-07,XAUUSD,2951.300048828125,2951.300048828125
2025-04-08,SJCVIETNAM,96500000.0,99500000.0
2025-04-08,XAUUSD,2968.39990234375,2968.39990234375
2025-04-09,SJCVIETNAM,97400000.0,99600000.0
2025-04-09,XAUUSD,3056.5,3056.5
2025-04-10,SJCVIETNAM,100400000.0,103400000.0
2025-04-10,XAUUSD,3155.199951171875,3155.199951171875
2025-04-11,SJCVIETNAM,103400000.0,106400000.0
2025-04-11,XAUUSD,3222.199951171875,3222.199951171875
2025-04-12,SJCVIETNAM,102900000.0,105900000.0
2025-04-12,XAUUSD,3222.199951171875,3222.199951171875
2025-04-13,XAUUSD,3222.199951171875,3222.199951171875
2025-04-14,SJCVIETNAM,104500000.0,107000000.0
2025-04-14,XAUUSD,3204.800048828125,3204.800048828125
2025-04-15,SJCVIETNAM,105200000.0,107700000.0
2025-04-15,XAUUSD,3218.699951171875,3218.699951171875
2025-04-16,SJCVIETNAM,106800000.0,109800000.0
2025-04-16,XAUUSD,3326.60009765625,3326.60009765625
2025-04-17,SJCVIETNAM,115500000.0,118000000.0
2025-04-17,XAUUSD,3308.699951171875,3308.699951171875
2025-04-18,SJCVIETNAM,117000000.0,120000000.0
2025-04-18,XAUUSD,3308.699951171875,3308.699951171875
2025-04-19,SJCVIETNAM,117000000.0,120000000.0
2025-04-19,XAUUSD,3308.699951171875,3308.699951171875
2025-04-20,XAUUSD,3308.699951171875,3308.699951171875
2025-04-21,SJCVIETNAM,112000000.0,114000000.0
2025-04-21,XAUUSD,3406.199951171875,3406.199951171875
2025-04-22,SJCVIETNAM,119000000.0,121000000.0
2025-04-22,XAUUSD,3400.800048828125,3400.800048828125
2025-04-23,SJCVIETNAM,122000000.0,124000000.0
2025-04-23,XAUUSD,3276.300048828125,3276.300048828125
2025-04-24,SJCVIETNAM,118500000.0,121500000.0
2025-04-24,XAUUSD,3332.0,3332.0
2025-04-25,SJCVIETNAM,119500000.0,121500000.0
2025-04-25,XAUUSD,3282.39990234375,3282.39990234375
2025-04-26,SJCVIETNAM,118500000.0,120500000.0
2025-04-26,XAUUSD,3282.39990234375,3282.39990234375
2025-04-27,XAUUSD,3282.39990234375,3282.39990234375
2025-04-28,SJCVIETNAM,118500000.0,120500000.0
2025-04-28,XAUUSD,3332.5,3332.5
2025-04-29,SJCVIETNAM,118800000.0,120800000.0
2025-04-29,XAUUSD,3318.800048828125,3318.800048828125
2025-04-30,XAUUSD,3305.0,3305.0
2025-05-01,SJCVIETNAM,119300000.0,121300000.0
2025-05-01,XAUUSD,3210.0,3210.0
2025-05-02,SJCVIETNAM,119300000.0,121300000.0
2025-05-02,XAUUSD,3231.89990234375,3231.89990234375
2025-05-03,XAUUSD,3231.89990234375,3231.89990234375
2025-05-04,XAUUSD,3231.89990234375,3231.89990234375
2025-05-05,SJCVIETNAM,117800000.0,119800000.0
2025-05-05,XAUUSD,3311.300048828125,3311.300048828125
2025-05-06,SJCVIETNAM,120800000.0,122800000.0
2025-05-06,XAUUSD,3411.39990234375,3411.39990234375
2025-05-07,SJCVIETNAM,120200000.0,122200000.0
2025-05-07,XAUUSD,3381.39990234375,3381.39990234375
2025-05-08,SJCVIETNAM,120700000.0,122700000.0
2025-05-08,XAUUSD,3296.60009765625,3296.60009765625
2025-05-09,SJCVIETNAM,118000000.0,120000000.0
2025-05-09,XAUUSD,3335.39990234375,3335.39990234375
2025-05-10,SJCVIETNAM,120000000.0,122000000.0
2025-05-10,XAUUSD,3335.39990234375,3335.39990234375
2025-05-11,XAUUSD,3335.39990234375,3335.39990234375
2025-05-12,SJCVIETNAM,119000000.0,121000000.0
2025-05-12,XAUUSD,3220.0,3220.0
2025-05-13,SJCVIETNAM,117500000.0,119500000.0
2025-05-13,XAUUSD,3240.300048828125,3240.300048828125
2025-05-14,SJCVIETNAM,118000000.0,120000000.0
2025-05-14,XAUUSD,3181.39990234375,3181.39990234375
2025-05-15,SJCVIETNAM,117400000.0,119400000.0
2025-05-15,XAUUSD,3220.699951171875,3220.699951171875
2025-05-16,SJCVIETNAM,118500000.0,120800000.0
2025-05-16,XAUUSD,3182.0,3182.0
2025-05-17,SJCVIETNAM,115500000.0,118500000.0
2025-05-17,XAUUSD,3182.0,3182.0
2025-05-18,XAUUSD,3182.0,3182.0
2025-05-19,SJCVIETNAM,116800000.0,119300000.0
2025-05-19,XAUUSD,3228.89990234375,3228.89990234375
2025-05-20,SJCVIETNAM,116800000.0,119300000.0
2025-05-20,XAUUSD,3280.300048828125,3280.300048828125
2025-05-21,SJCVIETNAM,118000000.0,120500000.0
2025-05-21,XAUUSD,3309.300048828125,3309.300048828125
2025-05-22,SJCVIETNAM,119300000.0,121300000.0
2025-05-22,XAUUSD,3292.300048828125,3292.300048828125
2025-05-23,SJCVIETNAM,118000000.0,120000000.0
2025-05-23,XAUUSD,3363.60009765625,3363.60009765625
2025-05-24,SJCVIETNAM,119500000.0,121500000.0
2025-05-24,XAUUSD,3363.60009765625,3363.60009765625
2025-05-25,SJCVIETNAM,119000000.0,121000000.0
2025-05-25,XAUUSD,3363.60009765625,3363.60009765625
2025-05-26,SJCVIETNAM,117000000.0,120000000.0
2025-05-26,XAUUSD,3363.60009765625,3363.60009765625
2025-05-27,SJCVIETNAM,116300000.0,118800000.0
2025-05-27,XAUUSD,3299.10009765625,3299.10009765625
2025-05-28,SJCVIETNAM,115800000.0,118300000.0
2025-05-28,XAUUSD,3293.60009765625,3293.60009765625
2025-05-29,SJCVIETNAM,114700000.0,117200000.0
2025-05-29,XAUUSD,3317.10009765625,3317.10009765625
2025-05-30,SJCVIETNAM,116500000.0,119000000.0
2025-05-30,XAUUSD,3288.89990234375,3288.89990234375
2025-05-31,SJCVIETNAM,115700000.0,118200000.0
2025-05-31,XAUUSD,3288.89990234375,3288.89990234375
2025-06-01,XAUUSD,3288.89990234375,3288.89990234375
2025-06-02,SJCVIETNAM,116000000.0,118500000.0
2025-06-02,XAUUSD,3370.60009765625,3370.60009765625
2025-06-03,SJCVIETNAM,116000000.0,118000000.0
2025-06-03,XAUUSD,3350.199951171875,3350.199951171875
2025-06-04,XAUUSD,3373.5,3373.5
2025-06-05,SJCVIETNAM,115400000.0,117700000.0
2025-06-05,XAUUSD,3350.699951171875,3350.699951171875
2025-06-06,SJCVIETNAM,116000000.0,118000000.0
2025-06-06,XAUUSD,3322.699951171875,3322.699951171875
2025-06-07,SJCVIETNAM,114900000.0,117200000.0
2025-06-07,XAUUSD,3322.699951171875,3322.699951171875
2025-06-08,XAUUSD,3322.699951171875,3322.699951171875
2025-06-09,SJCVIETNAM,115200000.0,117200000.0
2025-06-09,XAUUSD,3332.10009765625,3332.10009765625
2025-06-10,SJCVIETNAM,116000000.0,118000000.0
2025-06-10,XAUUSD,3320.89990234375,3320.89990234375
2025-06-11,SJCVIETNAM,116800000.0,118800000.0
2025-06-11,XAUUSD,3321.300048828125,3321.300048828125
2025-06-12,SJCVIETNAM,116800000.0,118800000.0
2025-06-12,XAUUSD,3380.89990234375,3380.89990234375
2025-06-13,SJCVIETNAM,118500000.0,120500000.0
2025-06-13,XAUUSD,3431.199951171875,3431.199951171875
2025-06-14,SJCVIETNAM,117800000.0,120300000.0
2025-06-14,XAUUSD,3431.199951171875,3431.199951171875
2025-06-15,XAUUSD,3431.199951171875,3431.199951171875
2025-06-16,SJCVIETNAM,118500000.0,120500000.0
2025-06-16,XAUUSD,3396.39990234375,3396.39990234375
2025-06-17,SJCVIETNAM,117300000.0,119300000.0
2025-06-17,XAUUSD,3386.60009765625,3386.60009765625
2025-06-18,XAUUSD,3389.800048828125,3389.800048828125
2025-06-19,SJCVIETNAM,117400000.0,119400000.0
2025-06-19,XAUUSD,3389.800048828125,3389.800048828125
2025-06-20,XAUUSD,3368.10009765625,3368.10009765625
2025-06-21,SJCVIETNAM,117700000.0,119700000.0
2025-06-21,XAUUSD,3368.10009765625,3368.10009765625
2025-06-22,XAUUSD,3368.10009765625,3368.10009765625
2025-06-23,SJCVIETNAM,117700000.0,119700000.0
2025-06-23,XAUUSD,3377.699951171875,3377.699951171875
2025-06-24,SJCVIETNAM,117700000.0,119700000.0
2025-06-24,XAUUSD,3317.39990234375,3317.39990234375
2025-06-25,XAUUSD,3327.10009765625,3327.10009765625
2025-06-26,SJCVIETNAM,117800000.0,119800000.0
2025-06-26,XAUUSD,3333.5,3333.5
2025-06-27,SJCVIETNAM,117700000.0,119700000.0
2025-06-27,XAUUSD,3273.699951171875,3273.699951171875
2025-06-28,SJCVIETNAM,117700000.0,119700000.0
2025-06-28,XAUUSD,3273.699951171875,3273.699951171875
2025-06-29,XAUUSD,3273.699951171875,3273.699951171875
2025-06-30,SJCVIETNAM,117500000.0,119500000.0
2025-06-30,XAUUSD,3294.39990234375,3294.39990234375
2025-07-01,SJCVIETNAM,118300000.0,120300000.0
2025-07-01,XAUUSD,3336.699951171875,3336.699951171875
2025-07-02,SJCVIETNAM,118700000.0,120700000.0
2025-07-02,XAUUSD,3348.0,3348.0
2025-07-03,SJCVIETNAM,118900000.0,120900000.0
2025-07-03,XAUUSD,3331.60009765625,3331.60009765625
2025-07-04,SJCVIETNAM,118900000.0,120900000.0
2025-07-04,XAUUSD,3332.5,3332.5
2025-07-05,XAUUSD,3332.5,3332.5
2025-07-06,XAUUSD,3332.5,3332.5
2025-07-07,SJCVIETNAM,118500000.0,120500000.0
2025-07-07,XAUUSD,3332.199951171875,3332.199951171875
2025-07-08,SJCVIETNAM,119000000.0,121000000.0
2025-07-08,XAUUSD,3307.0,3307.0
2025-07-09,SJCVIETNAM,118600000.0,120600000.0
2025-07-09,XAUUSD,3311.60009765625,3311.60009765625
2025-07-10,SJCVIETNAM,118800000.0,120800000.0
2025-07-10,XAUUSD,3317.39990234375,3317.39990234375
2025-07-11,SJCVIETNAM,119000000.0,121000000.0
2025-07-11,XAUUSD,3356.0,3356.0
2025-07-12,SJCVIETNAM,119500000.0,121500000.0
2025-07-12,XAUUSD,3356.0,3356.0
2025-07-13,XAUUSD,3356.0,3356.0
2025-07-14,XAUUSD,3351.5,3351.5
2025-07-15,SJCVIETNAM,119100000.0,121100000.0
2025-07-15,XAUUSD,3329.800048828125,3329.800048828125
2025-07-16,SJCVIETNAM,118600000.0,120600000.0
2025-07-16,XAUUSD,3352.5,3352.5
2025-07-17,XAUUSD,3340.10009765625,3340.10009765625
2025-07-18,SJCVIETNAM,119500000.0,121000000.0
2025-07-18,XAUUSD,3353.0,3353.0
2025-07-19,SJCVIETNAM,119700000.0,121200000.0
2025-07-19,XAUUSD,3353.0,3353.0
2025-07-20,XAUUSD,3353.0,3353.0
2025-07-21,SJCVIETNAM,120000000.0,121500000.0
2025-07-21,XAUUSD,3401.89990234375,3401.89990234375
2025-07-22,SJCVIETNAM,120000000.0,122000000.0
2025-07-22,XAUUSD,3439.199951171875,3439.199951171875
2025-07-23,SJCVIETNAM,120700000.0,122700000.0
2025-07-23,XAUUSD,3394.10009765625,3394.10009765625
2025-07-24,SJCVIETNAM,120000000.0,122000000.0
2025-07-24,XAUUSD,3371.0,3371.0
2025-07-25,XAUUSD,3334.0,3334.0
2025-07-26,SJCVIETNAM,119600000.0,121100000.0
2025-07-26,XAUUSD,3334.0,3334.0
2025-07-27,XAUUSD,3334.0,3334.0
2025-07-28,XAUUSD,3309.10009765625,3309.10009765625
2025-07-29,SJCVIETNAM,119500000.0,121000000.0
2025-07-29,XAUUSD,3323.39990234375,3323.39990234375
2025-07-30,SJCVIETNAM,119700000.0,121200000.0
2025-07-30,XAUUSD,3295.800048828125,3295.800048828125
2025-07-31,SJCVIETNAM,119700000.0,121200000.0
2025-07-31,XAUUSD,3293.199951171875,3293.199951171875
2025-08-01,XAUUSD,3347.699951171875,3347.699951171875
2025-08-02,SJCVIETNAM,121500000.0,123500000.0
2025-08-02,XAUUSD,3347.699951171875,3347.699951171875
2025-08-03,XAUUSD,3347.699951171875,3347.699951171875
2025-08-04,SJCVIETNAM,121700000.0,123300000.0
2025-08-04,XAUUSD,3374.39990234375,3374.39990234375
2025-08-05,SJCVIETNAM,122200000.0,123800000.0
2025-08-05,XAUUSD,3381.89990234375,3381.89990234375
2025-08-06,SJCVIETNAM,122400000.0,123800000.0
2025-08-06,XAUUSD,3380.0,3380.0
2025-08-07,SJCVIETNAM,122700000.0,124100000.0
2025-08-07,XAUUSD,3400.300048828125,3400.300048828125
2025-08-08,SJCVIETNAM,122600000.0,124000000.0
2025-08-08,XAUUSD,3439.10009765625,3439.10009765625
2025-08-09,XAUUSD,3439.10009765625,3439.10009765625
2025-08-10,XAUUSD,3439.10009765625,3439.10009765625
2025-08-11,SJCVIETNAM,122700000.0,123900000.0
2025-08-11,XAUUSD,3353.10009765625,3353.10009765625
2025-08-12,SJCVIETNAM,122700000.0,123900000.0
2025-08-12,XAUUSD,3348.89990234375,3348.89990234375
2025-08-13,SJCVIETNAM,122700000.0,123900000.0
2025-08-13,XAUUSD,3358.699951171875,3358.699951171875
2025-08-14,SJCVIETNAM,123500000.0,124700000.0
2025-08-14,XAUUSD,3335.199951171875,3335.199951171875
2025-08-15,SJCVIETNAM,123500000.0,124500000.0
2025-08-15,XAUUSD,3336.0,3336.0
2025-08-16,XAUUSD,3336.0,3336.0
2025-08-17,XAUUSD,3336.0,3336.0
2025-08-18,SJCVIETNAM,123700000.0,124700000.0
2025-08-18,XAUUSD,3331.699951171875,3331.699951171875
2025-08-19,XAUUSD,3313.39990234375,3313.39990234375
2025-08-20,SJCVIETNAM,123800000.0,124800000.0
2025-08-20,XAUUSD,3343.39990234375,3343.39990234375
2025-08-21,SJCVIETNAM,124400000.0,125400000.0
2025-08-21,XAUUSD,3336.89990234375,3336.89990234375
2025-08-22,SJCVIETNAM,124400000.0,125400000.0
2025-08-22,XAUUSD,3374.39990234375,3374.39990234375
2025-08-23,SJCVIETNAM,125600000.0,126600000.0
2025-08-23,XAUUSD,3374.39990234375,3374.39990234375
2025-08-24,XAUUSD,3374.39990234375,3374.39990234375
2025-08-25,SJCVIETNAM,125900000.0,126900000.0
2025-08-25,XAUUSD,3373.800048828125,3373.800048828125
2025-08-26,SJCVIETNAM,126100000.0,127700000.0
2025-08-26,XAUUSD,3388.60009765625,3388.60009765625
2025-08-27,SJCVIETNAM,126000000.0,128000000.0
2025-08-27,XAUUSD,3404.60009765625,3404.60009765625
2025-08-28,SJCVIETNAM,126000000.0,128000000.0
2025-08-28,XAUUSD,3431.800048828125,3431.800048828125
2025-08-29,SJCVIETNAM,127400000.0,128900000.0
2025-08-29,XAUUSD,3473.699951171875,3473.699951171875
2025-08-30,SJCVIETNAM,129100000.0,130600000.0
2025-08-30,XAUUSD,3473.699951171875,3473.699951171875
2025-08-31,XAUUSD,3473.699951171875,3473.699951171875
2025-09-01,XAUUSD,3473.699951171875,3473.699951171875
2025-09-02,XAUUSD,3549.39990234375,3549.39990234375
2025-09-03,SJCVIETNAM,131900000.0,133400000.0
2025-09-03,XAUUSD,3593.199951171875,3593.199951171875
2025-09-04,SJCVIETNAM,132400000.0,133900000.0
2025-09-04,XAUUSD,3565.800048828125,3565.800048828125
2025-09-05,SJCVIETNAM,132900000.0,134400000.0
2025-09-05,XAUUSD,3613.199951171875,3613.199951171875
2025-09-06,SJCVIETNAM,133900000.0,135400000.0
2025-09-06,XAUUSD,3613.199951171875,3613.199951171875
2025-09-07,XAUUSD,3613.199951171875,3613.199951171875
2025-09-08,SJCVIETNAM,133100000.0,135100000.0
2025-09-08,XAUUSD,3638.10009765625,3638.10009765625
2025-09-09,SJCVIETNAM,133800000.0,135800000.0
2025-09-09,XAUUSD,3643.300048828125,3643.300048828125
2025-09-10,SJCVIETNAM,133300000.0,135300000.0
2025-09-10,XAUUSD,3643.60009765625,3643.60009765625
2025-09-11,SJCVIETNAM,133300000.0,135300000.0
2025-09-11,XAUUSD,3636.89990234375,3636.89990234375
2025-09-12,SJCVIETNAM,129500000.0,132800000.0
2025-09-12,XAUUSD,3649.39990234375,3649.39990234375
2025-09-13,SJCVIETNAM,128100000.0,131100000.0
2025-09-13,XAUUSD,3649.39990234375,3649.39990234375
2025-09-14,XAUUSD,3649.39990234375,3649.39990234375
2025-09-15,SJCVIETNAM,128400000.0,131100000.0
2025-09-15,XAUUSD,3682.199951171875,3682.199951171875
2025-09-16,SJCVIETNAM,130000000.0,132000000.0
2025-09-16,XAUUSD,3688.89990234375,3688.89990234375
2025-09-17,XAUUSD,3681.800048828125,3681.800048828125
2025-09-18,SJCVIETNAM,130000000.0,132000000.0
2025-09-18,XAUUSD,3643.699951171875,3643.699951171875
2025-09-19,SJCVIETNAM,130000000.0,132000000.0
2025-09-19,XAUUSD,3671.5,3671.5
2025-09-20,SJCVIETNAM,131000000.0,133000000.0
2025-09-20,XAUUSD,3671.5,3671.5
2025-09-21,XAUUSD,3671.5,3671.5
2025-09-22,SJCVIETNAM,131300000.0,133300000.0
2025-09-22,XAUUSD,3740.699951171875,3740.699951171875
2025-09-23,SJCVIETNAM,132600000.0,134600000.0
2025-09-23,XAUUSD,3780.60009765625,3780.60009765625
2025-09-24,SJCVIETNAM,132800000.0,134800000.0
2025-09-24,XAUUSD,3732.10009765625,3732.10009765625
2025-09-25,SJCVIETNAM,132500000.0,134500000.0
2025-09-25,XAUUSD,3736.89990234375,3736.89990234375
2025-09-26,XAUUSD,3775.300048828125,3775.300048828125
2025-09-27,SJCVIETNAM,133000000.0,135000000.0
2025-09-27,XAUUSD,3775.300048828125,3775.300048828125
2025-09-28,XAUUSD,3775.300048828125,3775.300048828125
2025-09-29,SJCVIETNAM,133500000.0,135500000.0
2025-09-29,XAUUSD,3820.89990234375,3820.89990234375
2025-09-30,SJCVIETNAM,135300000.0,137300000.0
2025-09-30,XAUUSD,3840.800048828125,3840.800048828125
2025-10-01,SJCVIETNAM,136000000.0,138000000.0
2025-10-01,XAUUSD,3867.5,3867.5
2025-10-02,SJCVIETNAM,136000000.0,138000000.0
2025-10-02,XAUUSD,3839.699951171875,3839.699951171875
2025-10-03,SJCVIETNAM,135800000.0,137800000.0
2025-10-03,XAUUSD,3880.800048828125,3880.800048828125
2025-10-04,SJCVIETNAM,136600000.0,138600000.0
2025-10-04,XAUUSD,3880.800048828125,3880.800048828125
2025-10-05,XAUUSD,3880.800048828125,3880.800048828125
2025-10-06,SJCVIETNAM,137100000.0,139100000.0
2025-10-06,XAUUSD,3948.5,3948.5
2025-10-07,SJCVIETNAM,138600000.0,140600000.0
2025-10-07,XAUUSD,3976.60009765625,3976.60009765625
2025-10-08,SJCVIETNAM,139400000.0,141400000.0
2025-10-08,XAUUSD,4043.300048828125,4043.300048828125
2025-10-09,SJCVIETNAM,140500000.0,142500000.0
2025-10-09,XAUUSD,3946.300048828125,3946.300048828125
2025-10-10,SJCVIETNAM,139900000.0,141900000.0
2025-10-10,XAUUSD,3975.89990234375,3975.89990234375
2025-10-11,SJCVIETNAM,140800000.0,142800000.0
2025-10-11,XAUUSD,3975.89990234375,3975.89990234375
2025-10-12,XAUUSD,3975.89990234375,3975.89990234375
2025-10-13,SJCVIETNAM,141600000.0,143600000.0
2025-10-13,XAUUSD,4108.60009765625,4108.60009765625
2025-10-14,SJCVIETNAM,144900000.0,146400000.0
2025-10-14,XAUUSD,4138.7001953125,4138.7001953125
2025-10-15,SJCVIETNAM,145300000.0,147300000.0
2025-10-15,XAUUSD,4176.89990234375,4176.89990234375
2025-10-16,SJCVIETNAM,146600000.0,148600000.0
2025-10-16,XAUUSD,4280.2001953125,4280.2001953125
2025-10-17,SJCVIETNAM,150200000.0,152200000.0
2025-10-17,XAUUSD,4189.89990234375,4189.89990234375
2025-10-18,SJCVIETNAM,149500000.0,151000000.0
2025-10-18,XAUUSD,4189.89990234375,4189.89990234375
2025-10-19,XAUUSD,4189.89990234375,4189.89990234375
2025-10-20,SJCVIETNAM,150000000.0,151000000.0
2025-10-20,XAUUSD,4336.39990234375,4336.39990234375
2025-10-21,SJCVIETNAM,153600000.0,154600000.0
2025-10-21,XAUUSD,4087.699951171875,4087.699951171875
2025-10-22,SJCVIETNAM,146500000.0,148500000.0
2025-10-22,XAUUSD,4044.39990234375,4044.39990234375
2025-10-23,SJCVIETNAM,147500000.0,149500000.0
2025-10-23,XAUUSD,4125.5,4125.5
2025-10-24,SJCVIETNAM,147800000.0,149800000.0
2025-10-24,XAUUSD,4118.39990234375,4118.39990234375
2025-10-25,SJCVIETNAM,147200000.0,149200000.0
2025-10-25,XAUUSD,4118.39990234375,4118.39990234375
2025-10-26,XAUUSD,4118.39990234375,4118.39990234375
2025-10-27,SJCVIETNAM,147400000.0,148900000.0
2025-10-27,XAUUSD,4001.89990234375,4001.89990234375
2025-10-28,SJCVIETNAM,145700000.0,147200000.0
2025-10-28,XAUUSD,3966.199951171875,3966.199951171875
2025-10-29,SJCVIETNAM,144900000.0,146900000.0
2025-10-29,XAUUSD,3983.699951171875,3983.699951171875
2025-10-30,SJCVIETNAM,144600000.0,146600000.0
2025-10-30,XAUUSD,4001.300048828125,4001.300048828125
2025-10-31,XAUUSD,3982.199951171875,3982.199951171875
2025-11-01,XAUUSD,3982.199951171875,3982.199951171875
2025-11-02,XAUUSD,3982.199951171875,3982.199951171875
2025-11-03,XAUUSD,4000.300048828125,4000.300048828125
2025-11-04,SJCVIETNAM,146200000.0,148200000.0
2025-11-04,XAUUSD,3947.699951171875,3947.699951171875
2025-11-05,SJCVIETNAM,145000000.0,147000000.0
2025-11-05,XAUUSD,3980.300048828125,3980.300048828125
2025-11-06,SJCVIETNAM,145800000.0,147800000.0
2025-11-06,XAUUSD,3979.89990234375,3979.89990234375
2025-11-07,XAUUSD,3999.39990234375,3999.39990234375
2025-11-08,XAUUSD,3999.39990234375,3999.39990234375
2025-11-09,XAUUSD,3999.39990234375,3999.39990234375
2025-11-10,SJCVIETNAM,147600000.0,149600000.0
2025-11-10,XAUUSD,4111.7998046875,4111.7998046875
2025-11-11,SJCVIETNAM,150000000.0,152000000.0
2025-11-11,XAUUSD,4106.7998046875,4106.7998046875
2025-11-12,SJCVIETNAM,149500000.0,151500000.0
2025-11-12,XAUUSD,4204.39990234375,4204.39990234375
2025-11-13,SJCVIETNAM,151300000.0,153300000.0
2025-11-13,XAUUSD,4186.89990234375,4186.89990234375
2025-11-14,SJCVIETNAM,151100000.0,153100000.0
2025-11-14,XAUUSD,4087.60009765625,4087.60009765625
2025-11-15,SJCVIETNAM,149000000.0,151000000.0
2025-11-15,XAUUSD,4087.60009765625,4087.60009765625
2025-11-16,XAUUSD,4087.60009765625,4087.60009765625
2025-11-17,SJCVIETNAM,148500000.0,150500000.0
2025-11-17,XAUUSD,4068.300048828125,4068.300048828125
2025-11-18,SJCVIETNAM,147800000.0,149800000.0
2025-11-18,XAUUSD,4061.300048828125,4061.300048828125
2025-11-19,SJCVIETNAM,148700000.0,150700000.0
2025-11-19,XAUUSD,4077.699951171875,4077.699951171875
2025-11-20,SJCVIETNAM,149000000.0,151000000.0
2025-11-20,XAUUSD,4056.5,4056.5
2025-11-21,SJCVIETNAM,147800000.0,149800000.0
2025-11-21,XAUUSD,4076.699951171875,4076.699951171875
2025-11-22,SJCVIETNAM,148400000.0,150400000.0
2025-11-22,XAUUSD,4076.699951171875,4076.699951171875
2025-11-23,XAUUSD,4076.699951171875,4076.699951171875
2025-11-24,XAUUSD,4091.89990234375,4091.89990234375
2025-11-25,SJCVIETNAM,150400000.0,152400000.0
2025-11-25,XAUUSD,4139.2001953125,4139.2001953125
2025-11-26,SJCVIETNAM,150900000.0,152900000.0
2025-11-26,XAUUSD,4165.2001953125,4165.2001953125
2025-11-27,XAUUSD,4165.2001953125,4165.2001953125
2025-11-28,SJCVIETNAM,152200000.0,154200000.0
2025-11-28,XAUUSD,4218.2998046875,4218.2998046875
2025-11-29,SJCVIETNAM,152900000.0,154900000.0
2025-11-29,XAUUSD,4218.2998046875,4218.2998046875
2025-11-30,XAUUSD,4218.2998046875,4218.2998046875
2025-12-01,SJCVIETNAM,153200000.0,155200000.0
2025-12-01,XAUUSD,4239.2998046875,4239.2998046875
2025-12-02,SJCVIETNAM,152600000.0,154600000.0
2025-12-02,XAUUSD,4186.60009765625,4186.60009765625
2025-12-03,SJCVIETNAM,152800000.0,154800000.0
2025-12-03,XAUUSD,4199.2998046875,4199.2998046875
2025-12-04,SJCVIETNAM,152500000.0,154500000.0
2025-12-04,XAUUSD,4211.7998046875,4211.7998046875
2025-12-05,SJCVIETNAM,152200000.0,154200000.0
2025-12-05,XAUUSD,4212.89990234375,4212.89990234375
2025-12-06,SJCVIETNAM,152200000.0,154200000.0
2025-12-06,XAUUSD,4212.89990234375,4212.89990234375
2025-12-07,XAUUSD,4212.89990234375,4212.89990234375
2025-12-08,SJCVIETNAM,152500000.0,154500000.0
2025-12-08,XAUUSD,4187.2001953125,4187.2001953125
2025-12-09,SJCVIETNAM,152200000.0,154200000.0
2025-12-09,XAUUSD,4206.7001953125,4206.7001953125
2025-12-10,SJCVIETNAM,152700000.0,154700000.0
2025-12-10,XAUUSD,4196.39990234375,4196.39990234375
2025-12-11,SJCVIETNAM,153100000.0,155100000.0
2025-12-11,XAUUSD,4285.5,4285.5
2025-12-12,SJCVIETNAM,153600000.0,155600000.0
2025-12-12,XAUUSD,4300.10009765625,4300.10009765625
2025-12-13,SJCVIETNAM,153600000.0,155600000.0
2025-12-13,XAUUSD,4300.10009765625,4300.10009765625
2025-12-14,XAUUSD,4300.10009765625,4300.10009765625
2025-12-15,SJCVIETNAM,154300000.0,156300000.0
2025-12-15,XAUUSD,4306.7001953125,4306.7001953125
2025-12-16,SJCVIETNAM,154200000.0,156200000.0
2025-12-16,XAUUSD,4304.5,4304.5
2025-12-17,SJCVIETNAM,154200000.0,156200000.0
2025-12-17,XAUUSD,4347.5,4347.5
2025-12-18,SJCVIETNAM,154400000.0,156400000.0
2025-12-18,XAUUSD,4339.5,4339.5
2025-12-19,XAUUSD,4361.39990234375,4361.39990234375
2025-12-20,SJCVIETNAM,154600000.0,156600000.0
2025-12-20,XAUUSD,4361.39990234375,4361.39990234375
2025-12-21,XAUUSD,4361.39990234375,4361.39990234375
2025-12-22,SJCVIETNAM,155100000.0,157100000.0
2025-12-22,XAUUSD,4444.60009765625,4444.60009765625
2025-12-23,SJCVIETNAM,157000000.0,159000000.0
2025-12-23,XAUUSD,4482.7998046875,4482.7998046875
2025-12-24,SJCVIETNAM,157800000.0,159800000.0
2025-12-24,XAUUSD,4480.60009765625,4480.60009765625
2025-12-25,SJCVIETNAM,156800000.0,158800000.0
2025-12-25,XAUUSD,4480.60009765625,4480.60009765625
2025-12-26,SJCVIETNAM,157200000.0,159200000.0
2025-12-26,XAUUSD,4529.10009765625,4529.10009765625
2025-12-27,SJCVIETNAM,157700000.0,159700000.0
2025-12-27,XAUUSD,4529.10009765625,4529.10009765625
2025-12-28,XAUUSD,4529.10009765625,4529.10009765625
2025-12-29,SJCVIETNAM,157700000.0,159700000.0
2025-12-29,XAUUSD,4325.10009765625,4325.10009765625
2025-12-30,SJCVIETNAM,152200000.0,154200000.0
2025-12-30,XAUUSD,4370.10009765625,4370.10009765625
2025-12-31,SJCVIETNAM,152400000.0,154400000.0
2025-12-31,XAUUSD,4325.60009765625,4325.60009765625
2026-01-01,XAUUSD,4325.60009765625,4325.60009765625
2026-01-02,XAUUSD,4314.39990234375,4314.39990234375
2026-01-03,XAUUSD,4314.39990234375,4314.39990234375
2026-01-04,XAUUSD,4314.39990234375,4314.39990234375
2026-01-05,SJCVIETNAM,154200000.0,156200000.0
2026-01-05,XAUUSD,4436.89990234375,4436.89990234375
2026-01-06,SJCVIETNAM,155400000.0,157400000.0
2026-01-06,XAUUSD,4482.2001953125,4482.2001953125
2026-01-07,SJCVIETNAM,156600000.0,158600000.0
2026-01-07,XAUUSD,4449.2998046875,4449.2998046875
2026-01-08,SJCVIETNAM,156100000.0,158100000.0
2026-01-08,XAUUSD,4449.7001953125,4449.7001953125
2026-01-09,SJCVIETNAM,155200000.0,157200000.0
2026-01-09,XAUUSD,4490.2998046875,4490.2998046875
2026-01-10,SJCVIETNAM,156300000.0,158300000.0
2026-01-10,XAUUSD,4490.2998046875,4490.2998046875
2026-01-11,XAUUSD,4490.2998046875,4490.2998046875
2026-01-12,SJCVIETNAM,160000000.0,162000000.0
2026-01-12,XAUUSD,4604.2998046875,4604.2998046875
2026-01-13,XAUUSD,4589.2001953125,4589.2001953125
2026-01-14,SJCVIETNAM,160900000.0,162900000.0
2026-01-14,XAUUSD,4626.2998046875,4626.2998046875
2026-01-15,SJCVIETNAM,160800000.0,162800000.0
2026-01-15,XAUUSD,4616.2998046875,4616.2998046875
2026-01-16,XAUUSD,4588.39990234375,4588.39990234375
2026-01-17,XAUUSD,4588.39990234375,4588.39990234375
2026-01-18,XAUUSD,4588.39990234375,4588.39990234375
2026-01-19,SJCVIETNAM,163000000.0,165000000.0
2026-01-19,XAUUSD,4588.39990234375,4588.39990234375
2026-01-20,SJCVIETNAM,163000000.0,165000000.0
2026-01-20,XAUUSD,4759.60009765625,4759.60009765625
2026-01-21,SJCVIETNAM,167200000.0,169200000.0
2026-01-21,XAUUSD,4831.7998046875,4831.7998046875
2026-01-22,SJCVIETNAM,166700000.0,168700000.0
2026-01-22,XAUUSD,4908.7998046875,4908.7998046875
2026-01-23,SJCVIETNAM,171300000.0,173300000.0
2026-01-23,XAUUSD,4976.2001953125,4976.2001953125
2026-01-24,SJCVIETNAM,172300000.0,174300000.0
2026-01-24,XAUUSD,4976.2001953125,4976.2001953125
2026-01-25,XAUUSD,4976.2001953125,4976.2001953125
