timestamp,gold_code,buy_price,sell_price,usd_vnd_rate,interest_rate_state,interest_rate_market,interest_rate_spread,dxy_index,fed_rate,World_Price_USD_Ounce,world_price_vnd,domestic_premium,MA_7,MA_30,RSI_14,Momentum_1D_Pct,Momentum_3D_Pct,Momentum_7D_Pct,Target_Price_Next_Shift,Target_Trend
2025-01-25,SJCVIETNAM,86800000.0,88800000.0,25060.0,4.92,5.32,0.4000000000000003,107.33999633789062,4.5,2737.5,82709699.8875,6090300.112499997,,,,,,,88800000.0,0
2025-02-01,SJCVIETNAM,86800000.0,88800000.0,25060.0,4.92,5.32,0.4000000000000003,108.37000274658205,4.5,2812.5,84975719.06250001,3824280.937499985,,,,0.0,,,88800000.0,0
2025-02-03,SJCVIETNAM,86800000.0,88800000.0,25060.0,4.92,5.32,0.4000000000000003,108.98999786376952,4.5,2833.89990234375,85622286.91655421,3177713.0834457874,,,,0.0,,,90300000.0,1
2025-02-04,SJCVIETNAM,87800000.0,90300000.0,25280.0,4.92,5.32,0.4000000000000003,107.95999908447266,4.5,2853.300048828125,86965252.83382423,3334747.166175768,,,,1.6891891891891886,1.6891891891891886,,91000000.0,1
2025-02-05,SJCVIETNAM,88000000.0,91000000.0,25280.0,4.92,5.32,0.4000000000000003,107.58000183105467,4.5,2871.60009765625,87523016.94764845,3476983.0523515493,,,,0.7751937984496138,2.4774774774774855,,91200000.0,1
2025-02-06,SJCVIETNAM,88200000.0,91200000.0,25145.0,4.92,5.32,0.4000000000000003,107.69000244140624,4.5,2856.0,86582693.77800001,4617306.221999988,,,,0.219780219780219,2.7027027027026973,,90000000.0,0
2025-02-07,SJCVIETNAM,86500000.0,90000000.0,25260.0,4.92,5.32,0.4000000000000003,108.04000091552734,4.5,2867.300048828125,87322817.27574684,2677182.7242531627,89842857.14285715,,,-1.3157894736842146,-0.33222591362126463,,90300000.0,1
2025-02-10,SJCVIETNAM,87300000.0,90300000.0,25290.0,4.92,5.32,0.4000000000000003,108.31999969482422,4.5,2914.300048828125,88859597.84436293,1440402.1556370705,90057142.85714285,,,0.33333333333334103,-0.7692307692307665,1.6891891891891886,92800000.0,1
2025-02-11,SJCVIETNAM,89800000.0,92800000.0,25380.0,4.92,5.32,0.4000000000000003,107.95999908447266,4.5,2912.5,89120743.7625,3679256.237499997,90628571.42857143,,,2.7685492801771794,1.7543859649122862,4.504504504504503,90200000.0,0
2025-02-12,SJCVIETNAM,86700000.0,90200000.0,25530.0,4.92,5.32,0.4000000000000003,107.94000244140624,4.5,2909.0,89539731.25050001,660268.7494999915,90828571.42857143,,,-2.8017241379310387,0.22222222222221255,1.5765765765765716,90400000.0,1
2025-02-13,SJCVIETNAM,87400000.0,90400000.0,25550.0,4.92,5.32,0.4000000000000003,107.30999755859376,4.5,2925.89990234375,90130466.60101198,269533.3989880234,90842857.14285715,,,0.22172949002217113,0.11074197120708451,0.11074197120708451,91300000.0,1
2025-02-14,SJCVIETNAM,88300000.0,91300000.0,25440.0,4.92,5.32,0.4000000000000003,106.56999969482422,4.5,2883.60009765625,88445020.92488673,2854979.0751132667,90885714.28571428,,,0.9955752212389424,-1.6163793103448287,0.3296703296703285,90300000.0,0
2025-02-15,SJCVIETNAM,87300000.0,90300000.0,25440.0,4.92,5.32,0.4000000000000003,106.56999969482422,4.5,2883.60009765625,88445020.92488673,1854979.0751132667,90757142.85714285,,,-1.0952902519167584,0.11086474501109667,-0.9868421052631526,90300000.0,0
2025-02-17,SJCVIETNAM,87300000.0,90300000.0,25370.0,4.92,5.32,0.4000000000000003,106.56999969482422,4.5,2883.60009765625,88201658.05284497,2098341.9471550286,90800000.0,,53.041388216385705,0.0,-0.11061946902655162,0.33333333333334103,90800000.0,1
2025-02-18,SJCVIETNAM,88300000.0,90800000.0,25470.0,4.92,5.32,0.4000000000000003,107.0500030517578,4.5,2931.60009765625,90023298.7626189,776701.2373811007,90871428.57142857,,56.14257629506386,0.5537098560354448,-0.5476451259583737,0.5537098560354448,91700000.0,1
2025-02-19,SJCVIETNAM,89400000.0,91700000.0,25500.0,4.92,5.32,0.4000000000000003,107.16999816894533,4.5,2919.39990234375,89754249.55264893,1945750.4473510683,90714285.71428572,,61.119915560883925,0.9911894273127775,1.5503875968992276,-1.18534482758621,92100000.0,1
2025-02-20,SJCVIETNAM,89800000.0,92100000.0,25515.0,4.92,5.32,0.4000000000000003,106.33999633789062,4.5,2940.0,90440749.665,1659250.3349999934,90985714.28571428,,63.12305520452854,0.4362050163576825,1.9933554817275656,2.106430155210637,92000000.0,0
2025-02-21,SJCVIETNAM,89700000.0,92000000.0,25500.0,4.92,5.32,0.4000000000000003,106.61000061035156,4.5,2937.60009765625,90313797.72235109,1686202.2776489109,91214285.71428572,,62.25945245654362,-0.10857763300760048,1.3215859030837107,1.7699115044247815,91700000.0,0
2025-02-22,SJCVIETNAM,89400000.0,91700000.0,25500.0,4.92,5.32,0.4000000000000003,106.61000061035156,4.5,2937.60009765625,90313797.72235109,1386202.2776489109,91271428.57142857,,59.6240124072548,-0.3260869565217428,0.0,0.4381161007666945,91500000.0,0
2025-02-24,SJCVIETNAM,89200000.0,91500000.0,25510.0,4.92,5.32,0.4000000000000003,106.5999984741211,4.5,2947.89990234375,90665997.04532154,834002.954678461,91442857.14285715,,57.86543892353235,-0.21810250817884125,-0.6514657980456029,1.3289036544850585,92300000.0,1
2025-02-25,SJCVIETNAM,90000000.0,92300000.0,25468.0,4.92,5.32,0.4000000000000003,106.30999755859376,4.5,2904.5,89184107.90390001,3115892.0960999876,91728571.42857143,,62.615270780097525,0.8743169398907069,0.3260869565217428,2.214839424141757,91700000.0,0
2025-02-26,SJCVIETNAM,89400000.0,91700000.0,25520.0,4.92,5.32,0.4000000000000003,106.41999816894533,4.5,2916.800048828125,89744652.26075293,1955347.7392470688,91857142.85714285,,57.38985518136206,-0.650054171180936,0.0,0.9911894273127775,91500000.0,0
2025-02-27,SJCVIETNAM,89200000.0,91500000.0,25535.0,4.92,5.32,0.4000000000000003,107.23999786376952,4.5,2883.199951171875,88762980.08956404,2737019.9104359597,91828571.42857143,,55.72061099271726,-0.21810250817884125,0.0,-0.21810250817884125,90900000.0,0
2025-02-28,SJCVIETNAM,88900000.0,90900000.0,25520.0,4.92,5.32,0.4000000000000003,107.61000061035156,4.5,2836.800048828125,87283197.22075294,3616802.7792470604,91657142.85714285,,50.934298887203845,-0.6557377049180357,-1.5167930660888396,-1.3029315960912058,90300000.0,0
2025-03-01,SJCVIETNAM,88300000.0,90300000.0,25520.0,4.92,5.32,0.4000000000000003,107.61000061035156,4.5,2836.800048828125,87283197.22075294,3016802.7792470604,91414285.71428572,,46.62152850793883,-0.660066006600657,-1.526717557251911,-1.8478260869565166,91000000.0,1
2025-03-03,SJCVIETNAM,89000000.0,91000000.0,25530.0,4.92,5.32,0.4000000000000003,106.75,4.5,2890.199951171875,88961061.15095839,2038938.849041611,91314285.71428572,,51.754130779737764,0.7751937984496138,-0.5464480874316946,-0.7633587786259555,91600000.0,1
2025-03-04,SJCVIETNAM,89600000.0,91600000.0,25575.0,4.92,5.32,0.4000000000000003,105.73999786376952,4.5,2909.60009765625,89716060.57418153,1883939.425818473,91328571.42857143,,55.68725801785235,0.659340659340657,0.7700770077007757,0.10928961748633004,93000000.0,1
2025-03-06,SJCVIETNAM,91000000.0,93000000.0,25490.0,4.92,5.32,0.4000000000000003,104.05999755859376,4.5,2916.60009765625,89633008.1582737,3366991.841726303,91428571.42857143,,63.22141040810711,1.5283842794759916,2.9900332225913706,0.7583965330444142,92900000.0,0
2025-03-07,SJCVIETNAM,90900000.0,92900000.0,25485.0,4.92,5.32,0.4000000000000003,103.83999633789062,4.5,2904.699951171875,89249782.37888251,3650217.6211174875,91600000.0,,62.405235108107405,-0.10752688172043223,2.0879120879120805,1.3086150490730697,92900000.0,0
2025-03-08,SJCVIETNAM,90900000.0,92900000.0,25485.0,4.92,5.32,0.4000000000000003,103.83999633789062,4.5,2904.699951171875,89249782.37888251,3650217.6211174875,91800000.0,91080000.0,62.405235108107405,0.0,1.419213973799116,1.5300546448087537,93100000.0,1
2025-03-10,SJCVIETNAM,91100000.0,93100000.0,25480.0,4.92,5.32,0.4000000000000003,103.91000366210938,4.5,2891.0,88811410.142,4288589.857999995,92114285.71428572,91223333.33333333,63.49826524042295,0.21528525296017342,0.10752688172042113,2.4202420242024125,92600000.0,0
2025-03-11,SJCVIETNAM,90600000.0,92600000.0,25525.0,4.92,5.32,0.4000000000000003,103.44000244140624,4.5,2912.89990234375,89642211.50933045,2957788.4906695485,92442857.14285715,91350000.0,58.8886856822676,-0.537056928034374,-0.32292787944026013,2.5470653377630104,93300000.0,1
2025-03-12,SJCVIETNAM,91600000.0,93300000.0,25450.0,4.92,5.32,0.4000000000000003,103.61000061035156,4.5,2939.10009765625,90182737.53321412,3117262.466785878,92771428.57142857,91500000.0,62.94438878133715,0.7559395248380119,0.43057050592034685,2.5274725274725185,94200000.0,1
2025-03-13,SJCVIETNAM,92500000.0,94200000.0,25445.0,4.92,5.32,0.4000000000000003,103.83000183105467,4.5,2984.300048828125,91551653.34921272,2648346.650787279,93142857.14285715,91630000.0,67.39769223013184,0.9646302250803762,1.1815252416756072,2.8384279475982543,95600000.0,1
2025-03-14,SJCVIETNAM,94100000.0,95600000.0,25490.0,4.92,5.32,0.4000000000000003,103.72000122070312,4.5,2994.5,92027029.39825001,3572970.6017499864,93514285.71428572,91783333.33333333,72.86138423534061,1.4861995753715496,3.239740820734349,2.7956989247311936,96100000.0,1
2025-03-17,SJCVIETNAM,94800000.0,96100000.0,25500.0,4.92,5.32,0.4000000000000003,103.37000274658205,4.5,3000.0,92232225.00000001,3867774.999999985,93971428.57142857,91946666.66666667,74.50471288203323,0.5230125523012497,3.0010718113612,3.4445640473627526,96900000.0,1
2025-03-18,SJCVIETNAM,95400000.0,96900000.0,25510.0,4.92,5.32,0.4000000000000003,103.23999786376952,4.5,3035.10009765625,93347937.71917847,3552062.280821532,94542857.14285715,92176666.66666667,76.91350540965144,0.8324661810613865,2.866242038216571,4.305705059203446,98600000.0,1
2025-03-19,SJCVIETNAM,97100000.0,98600000.0,25510.0,4.92,5.32,0.4000000000000003,103.43000030517578,4.5,3035.89990234375,93372536.61732154,5227463.382678464,95328571.42857143,92453333.33333333,81.01773104243381,1.7543859649122862,3.1380753138075423,5.907626208378081,100400000.0,1
2025-03-20,SJCVIETNAM,98600000.0,100400000.0,25535.0,4.92,5.32,0.4000000000000003,103.8499984741211,4.5,3040.0,93590269.16000001,6809730.839999989,96442857.14285715,92706666.66666667,84.21712436735508,1.8255578093306246,4.474505723205002,8.423326133909281,97700000.0,0
2025-03-21,SJCVIETNAM,94700000.0,97700000.0,25545.0,4.92,5.32,0.4000000000000003,104.08999633789062,4.5,3018.199951171875,92955515.83852534,4744484.16147466,97071428.57142857,92956666.66666667,66.19452188019054,-2.689243027888444,0.8255933952528327,4.715969989281876,97700000.0,0
2025-03-22,SJCVIETNAM,94700000.0,97700000.0,25545.0,4.92,5.32,0.4000000000000003,104.08999633789062,4.5,3018.199951171875,92955515.83852534,4744484.16147466,97571428.57142857,93200000.0,66.19452188019054,0.0,-0.9127789046653123,3.715498938428885,97400000.0,0
2025-03-23,SJCVIETNAM,94400000.0,97400000.0,25545.0,4.92,5.32,0.4000000000000003,104.08999633789062,4.5,3018.199951171875,92955515.83852534,4444484.16147466,97828571.42857143,93403333.33333333,64.41807710943831,-0.30706243602866,-2.9880478087649376,1.882845188284521,97400000.0,0
2025-03-24,SJCVIETNAM,94400000.0,97400000.0,25585.0,4.92,5.32,0.4000000000000003,104.26000213623048,4.5,3013.10009765625,92943758.63613392,4456241.363866076,98014285.71428572,93640000.0,64.41807710943831,0.0,-0.30706243602866,1.3527575442247697,97400000.0,0
2025-03-25,SJCVIETNAM,94900000.0,97400000.0,25620.0,4.92,5.32,0.4000000000000003,104.18000030517578,4.5,3023.699951171875,93398320.93786012,4001679.0621398836,98085714.28571428,93876666.66666667,64.41807710943831,0.0,-0.30706243602866,0.5159958720330149,98200000.0,1
2025-03-26,SJCVIETNAM,96500000.0,98200000.0,25600.0,4.92,5.32,0.4000000000000003,104.5500030517578,4.5,3020.89990234375,93238987.961875,4961012.038124993,98028571.42857143,94123333.33333333,67.33752996808249,0.8213552361396204,0.8213552361396204,-0.40567951318458695,98400000.0,1
2025-03-27,SJCVIETNAM,96700000.0,98400000.0,25555.0,4.92,5.32,0.4000000000000003,104.06999969482422,4.5,3060.199951171875,94285940.96773665,4114059.0322633535,97742857.14285715,94346666.66666667,68.04345179050607,0.20366598778003286,1.0266940451745477,-1.9920318725099584,99900000.0,1
2025-03-28,SJCVIETNAM,98200000.0,99900000.0,25560.0,4.92,5.32,0.4000000000000003,104.04000091552734,4.5,3086.5,95114861.811,4785138.188999996,98057142.85714285,94606666.66666667,72.79283135020671,1.5243902439024293,2.566735112936347,2.2517911975435068,100700000.0,1
2025-03-29,SJCVIETNAM,98400000.0,100700000.0,25560.0,4.92,5.32,0.4000000000000003,104.04000091552734,4.5,3086.5,95114861.811,5585138.188999996,98485714.28571428,94896666.66666667,74.93261315611106,0.800800800800805,2.5458248472504996,3.0706243602866,100700000.0,0
2025-03-31,SJCVIETNAM,98700000.0,100700000.0,25550.0,4.92,5.32,0.4000000000000003,104.20999908447266,4.5,3122.800048828125,96195849.10511903,4504150.894880965,98957142.85714285,95196666.66666667,74.93261315611106,0.0,2.3373983739837456,3.3880903490759673,102100000.0,1
2025-04-01,SJCVIETNAM,99800000.0,102100000.0,25565.0,4.92,5.32,0.4000000000000003,104.26000213623048,4.5,3118.89990234375,96132112.12352088,5967887.876479119,99628571.42857143,95550000.0,78.38314518448496,1.3902681231380276,2.202202202202197,4.825462012320325,101800000.0,0
2025-04-02,SJCVIETNAM,99100000.0,101800000.0,25620.0,4.92,5.32,0.4000000000000003,103.80999755859376,4.5,3139.89990234375,96987592.52822022,4812407.471779779,100257142.85714285,95866666.66666667,75.96992688126886,-0.2938295788442735,1.0923535253227312,4.517453798767956,102500000.0,1
2025-04-03,SJCVIETNAM,99800000.0,102500000.0,25600.0,4.92,5.32,0.4000000000000003,102.06999969482422,4.5,3097.0,95587790.08000001,6912209.919999987,100871428.57142857,96226666.66666667,77.69547978578476,0.6876227897838927,1.7874875868917561,4.378818737270884,101900000.0,0
2025-04-04,SJCVIETNAM,99400000.0,101900000.0,25600.0,4.92,5.32,0.4000000000000003,103.0199966430664,4.5,3012.0,92964295.68,8935704.319999993,101371428.57142857,96573333.33333333,72.8656281138653,-0.5853658536585371,-0.19588638589618235,3.556910569105698,100100000.0,0
2025-04-05,SJCVIETNAM,97100000.0,100100000.0,25600.0,4.92,5.32,0.4000000000000003,103.0199966430664,4.5,3012.0,92964295.68,7135704.319999993,101400000.0,96880000.0,60.679027219497996,-1.7664376840039298,-1.6699410609037346,0.2002002002001957,99500000.0,0
2025-04-08,SJCVIETNAM,96500000.0,99500000.0,25780.0,4.92,5.32,0.4000000000000003,102.95999908447266,4.5,2968.39990234375,92262787.60348195,7237212.396518052,101228571.42857143,97186666.66666667,57.24233495963615,-0.5994005994006013,-2.9268292682926855,-1.1916583912611745,99600000.0,1
2025-04-09,SJCVIETNAM,97400000.0,99600000.0,25995.0,4.92,5.32,0.4000000000000003,102.9000015258789,4.5,3056.5,95793374.503875,3806625.4961249977,101071428.57142857,97473333.33333333,57.67262059618556,0.10050251256281673,-2.257114818449457,-1.0923535253227423,103400000.0,1
2025-04-10,SJCVIETNAM,100400000.0,103400000.0,25960.0,4.92,5.32,0.4000000000000003,100.87000274658205,4.5,3155.199951171875,98753574.67654444,4646425.323455557,101257142.85714285,97866666.66666667,70.0193552887765,3.81526104417671,3.296703296703307,1.273261508325163,106400000.0,1
2025-04-11,SJCVIETNAM,103400000.0,106400000.0,25720.0,4.92,5.32,0.4000000000000003,99.77999877929688,4.5,3222.199951171875,99918222.94547315,6481777.054526851,101914285.71428572,98313333.33333333,75.97706284889544,2.9013539651837617,6.9346733668341765,4.518664047151266,105900000.0,0
2025-04-12,SJCVIETNAM,102900000.0,105900000.0,25720.0,4.92,5.32,0.4000000000000003,99.77999877929688,4.5,3222.199951171875,99918222.94547315,5981777.054526851,102400000.0,98746666.66666667,73.36048395151929,-0.46992481203007586,6.325301204819267,3.3170731707317103,107000000.0,1
2025-04-14,SJCVIETNAM,104500000.0,107000000.0,25715.0,4.92,5.32,0.4000000000000003,99.63999938964844,4.5,3204.800048828125,99359344.50463252,7640655.495367482,103128571.42857143,99216666.66666667,75.3701353238234,1.0387157695939564,3.481624758220514,5.004906771344464,107700000.0,1
2025-04-15,SJCVIETNAM,105200000.0,107700000.0,25824.0,4.92,5.32,0.4000000000000003,100.22000122070312,4.5,3218.699951171875,100213275.3944707,7486724.605529293,104214285.71428572,99703333.33333333,76.5808864552275,0.6542056074766434,1.2218045112782017,7.592407592407602,109800000.0,1
2025-04-16,SJCVIETNAM,106800000.0,109800000.0,25790.0,4.92,5.32,0.4000000000000003,99.37999725341795,4.5,3326.60009765625,103436350.36559547,6363649.634404525,105685714.28571428,100276666.66666667,79.79051033599998,1.949860724233976,3.682719546742219,10.351758793969857,118000000.0,1
2025-04-17,SJCVIETNAM,115500000.0,118000000.0,25830.0,4.92,5.32,0.4000000000000003,99.37999725341795,4.5,3308.699951171875,103039333.7030475,14960666.296952501,108314285.71428572,101100000.0,87.179314740176,7.468123861566478,10.280373831775691,18.473895582329327,120000000.0,1
2025-04-18,SJCVIETNAM,117000000.0,120000000.0,25830.0,4.92,5.32,0.4000000000000003,99.37999725341795,4.5,3308.699951171875,103039333.7030475,16960666.2969525,110685714.28571428,101960000.0,88.3026446755999,1.6949152542372836,11.420612813370479,16.05415860735009,120000000.0,0
2025-04-19,SJCVIETNAM,117000000.0,120000000.0,25830.0,4.92,5.32,0.4000000000000003,99.37999725341795,4.5,3308.699951171875,103039333.7030475,16960666.2969525,112628571.42857143,102773333.33333333,88.3026446755999,0.0,9.289617486338809,12.781954887218049,114000000.0,0
2025-04-21,SJCVIETNAM,112000000.0,114000000.0,25830.0,4.92,5.32,0.4000000000000003,98.27999877929688,4.5,3406.199951171875,106075672.80429749,7924327.195702508,113785714.28571428,103370000.0,67.67262150248725,-5.000000000000004,-3.3898305084745783,7.64872521246458,121000000.0,1
2025-04-22,SJCVIETNAM,119000000.0,121000000.0,25871.0,4.92,5.32,0.4000000000000003,98.91999816894533,4.5,3400.800048828125,106075616.52993618,14924383.47006382,115785714.28571428,104173333.33333333,75.00846959615887,6.140350877192979,0.8333333333333304,13.08411214953271,124000000.0,1
2025-04-23,SJCVIETNAM,122000000.0,124000000.0,25932.0,4.92,5.32,0.4000000000000003,99.83999633789062,4.5,3276.300048828125,102433245.16214722,21566754.837852776,118114285.71428572,105020000.0,77.37778493705143,2.4793388429751984,3.3333333333333437,15.134633240482831,121500000.0,0
2025-04-24,SJCVIETNAM,118500000.0,121500000.0,25965.0,4.92,5.32,0.4000000000000003,99.29000091552734,4.5,3332.0,104307267.89700001,17192732.102999985,119785714.28571428,105723333.33333333,71.31059601624051,-2.0161290322580627,6.578947368421062,10.655737704918034,121500000.0,0
2025-04-25,SJCVIETNAM,119500000.0,121500000.0,26026.0,4.92,5.32,0.4000000000000003,99.47000122070312,4.5,3282.39990234375,102995954.56027809,18504045.439721912,120285714.28571428,106516666.66666667,71.31059601624051,0.0,0.4132231404958775,2.9661016949152463,120500000.0,0
2025-04-26,SJCVIETNAM,118500000.0,120500000.0,26026.0,4.92,5.32,0.4000000000000003,99.47000122070312,4.5,3282.39990234375,102995954.56027809,17504045.439721912,120357142.85714285,107276666.66666667,68.80772882040682,-0.8230452674897082,-2.822580645161288,0.4166666666666652,120500000.0,0
2025-04-28,SJCVIETNAM,118500000.0,120500000.0,26019.0,4.92,5.32,0.4000000000000003,99.01000213623048,4.5,3332.5,104539882.99387501,15960117.006124988,120428571.42857143,108046666.66666667,68.80772882040682,0.0,-0.8230452674897082,0.4166666666666652,120800000.0,1
2025-04-29,SJCVIETNAM,118800000.0,120800000.0,25970.0,4.92,5.32,0.4000000000000003,99.23999786376952,4.5,3318.800048828125,103914053.91224428,16885946.087755725,121400000.0,108826666.66666667,69.18404251878658,0.24896265560165887,-0.576131687242798,5.964912280701751,121300000.0,1
2025-05-01,SJCVIETNAM,119300000.0,121300000.0,25980.0,4.92,5.32,0.4000000000000003,100.25,4.5,3210.0,100546146.27000001,20753853.72999999,121442857.14285715,109623333.33333333,69.83718559083177,0.41390728476822236,0.663900414937757,0.24793388429751317,121300000.0,0
2025-05-02,SJCVIETNAM,119300000.0,121300000.0,25980.0,4.92,5.32,0.4000000000000003,100.0,4.5,3231.89990234375,101232112.24643409,20067887.753565907,121057142.85714285,110393333.33333333,69.83718559083177,0.0,0.663900414937757,-2.1774193548387055,119800000.0,0
2025-05-05,SJCVIETNAM,117800000.0,119800000.0,25980.0,4.92,5.32,0.4000000000000003,99.83000183105467,4.5,3311.300048828125,103719146.12253296,16080853.877467036,120814285.71428572,111106666.66666667,65.04085076259653,-1.2366034624896938,-0.8278145695364225,-1.3991769547325061,122800000.0,1
2025-05-06,SJCVIETNAM,120800000.0,122800000.0,25942.0,4.92,5.32,0.4000000000000003,99.23999786376952,4.5,3411.39990234375,106698260.24982819,16101739.75017181,121000000.0,111870000.0,69.54575244195719,2.5041736227044975,1.2366034624897049,1.0699588477366184,122200000.0,0
2025-05-07,SJCVIETNAM,120200000.0,122200000.0,25948.0,4.92,5.32,0.4000000000000003,99.61000061035156,4.5,3381.39990234375,105784411.78958175,16415588.210418254,121242857.14285715,112586666.66666667,67.66764597035822,-0.48859934853420217,0.7419620774938185,1.4107883817427336,122700000.0,1
2025-05-08,SJCVIETNAM,120700000.0,122700000.0,25953.0,4.92,5.32,0.4000000000000003,100.63999938964844,4.5,3296.60009765625,103151389.94355696,19548610.056443036,121557142.85714285,113320000.0,68.43269719111775,0.40916530278232166,2.4207011686143476,1.8257261410788317,120000000.0,0
2025-05-09,SJCVIETNAM,118000000.0,120000000.0,25959.0,4.92,5.32,0.4000000000000003,100.33999633789062,4.5,3335.39990234375,104389572.87819661,15610427.121803388,121442857.14285715,113916666.66666667,60.15510344303537,-2.200488997555017,-2.28013029315961,-0.6622516556291425,122000000.0,1
2025-05-10,SJCVIETNAM,120000000.0,122000000.0,25959.0,4.92,5.32,0.4000000000000003,100.33999633789062,4.5,3335.39990234375,104389572.87819661,17610427.121803388,121542857.14285715,114590000.0,63.66148034396448,1.6666666666666607,-0.16366612111292644,0.577081615828523,121000000.0,0
2025-05-12,SJCVIETNAM,119000000.0,121000000.0,25952.0,4.92,5.32,0.4000000000000003,101.79000091552734,4.5,3220.0,100750672.73600002,20249327.263999984,121500000.0,115206666.66666667,60.781357726057706,-0.8196721311475419,-1.3854930725346382,-0.2473206924979432,119500000.0,0
2025-05-13,SJCVIETNAM,117500000.0,119500000.0,25960.0,4.92,5.32,0.4000000000000003,101.0,4.5,3240.300048828125,101417094.89045557,18082905.109544426,121457142.85714285,115793333.33333333,56.64185960177601,-1.2396694214875992,-0.4166666666666652,-0.25041736227044975,120000000.0,1
2025-05-14,SJCVIETNAM,118000000.0,120000000.0,25951.0,4.92,5.32,0.4000000000000003,101.04000091552734,4.5,3181.39990234375,99539077.51395853,20460922.48604147,121057142.85714285,116456666.66666667,57.67657643047769,0.4184100418409997,-1.6393442622950838,-2.28013029315961,119400000.0,0
2025-05-15,SJCVIETNAM,117400000.0,119400000.0,25924.0,4.92,5.32,0.4000000000000003,100.87999725341795,4.5,3220.699951171875,100663848.49528375,18736151.504716247,120657142.85714285,117120000.0,55.95103681900025,-0.5000000000000004,-1.3223140495867813,-2.2913256955810146,120800000.0,1
2025-05-16,SJCVIETNAM,118500000.0,120800000.0,25920.0,4.92,5.32,0.4000000000000003,101.08999633789062,4.5,3182.0,99438925.53600001,21361074.463999987,120385714.28571428,117826666.66666667,59.03097867632096,1.1725293132328396,1.087866108786617,-1.548492257538714,118500000.0,0
2025-05-17,SJCVIETNAM,115500000.0,118500000.0,25920.0,4.92,5.32,0.4000000000000003,101.08999633789062,4.5,3182.0,99438925.53600001,19061074.463999987,120171428.57142857,118330000.0,52.53239770241391,-1.9039735099337762,-1.2499999999999956,-1.2499999999999956,119300000.0,1
2025-05-19,SJCVIETNAM,116800000.0,119300000.0,25917.0,4.92,5.32,0.4000000000000003,100.43000030517578,4.5,3228.89990234375,100892889.72589667,18407110.27410333,119785714.28571428,118760000.0,54.41229080669673,0.6751054852320637,-0.08375209380234727,-2.2131147540983553,119300000.0,0
2025-05-20,SJCVIETNAM,116800000.0,119300000.0,25932.0,4.92,5.32,0.4000000000000003,100.12000274658205,4.5,3280.300048828125,102558304.82534723,16741695.17465277,119542857.14285715,119206666.66666667,54.41229080669673,0.0,-1.2417218543046338,-1.4049586776859524,120500000.0,1
2025-05-21,SJCVIETNAM,118000000.0,120500000.0,25950.0,4.92,5.32,0.4000000000000003,99.55999755859376,4.5,3309.300048828125,103536804.82041688,16963195.179583117,119685714.28571428,119656666.66666667,57.35067543417452,1.0058675607711676,1.6877637130801704,0.8368200836819994,121300000.0,1
2025-05-22,SJCVIETNAM,119300000.0,121300000.0,25950.0,4.92,5.32,0.4000000000000003,99.95999908447266,4.5,3292.300048828125,103004932.32291688,18295067.67708312,119871428.57142857,120110000.0,59.23701667441263,0.663900414937757,1.6764459346185978,1.083333333333325,120000000.0,0
2025-05-23,SJCVIETNAM,118000000.0,120000000.0,25973.0,4.92,5.32,0.4000000000000003,99.11000061035156,4.5,3363.60009765625,105328942.14086175,14671057.85913825,119957142.85714285,120450000.0,54.98140506653053,-1.0717230008243983,0.5867560771165126,0.5025125628140614,121500000.0,1
2025-05-24,SJCVIETNAM,119500000.0,121500000.0,25973.0,4.92,5.32,0.4000000000000003,99.11000061035156,4.5,3363.60009765625,105328942.14086175,16171057.85913825,120057142.85714285,120566666.66666667,58.67082533505308,1.2499999999999956,0.8298755186721962,0.5794701986755024,121000000.0,0
2025-05-25,SJCVIETNAM,119000000.0,121000000.0,25973.0,4.92,5.32,0.4000000000000003,99.11000061035156,4.5,3363.60009765625,105328942.14086175,15671057.85913825,120414285.71428572,120600000.0,56.99410901864779,-0.4115226337448541,-0.2473206924979432,2.1097046413502074,120000000.0,0
2025-05-26,SJCVIETNAM,117000000.0,120000000.0,25946.0,4.92,5.32,0.4000000000000003,98.93000030517578,4.5,3363.60009765625,105219448.38050279,14780551.61949721,120514285.71428572,120600000.0,53.689346977166906,-0.8264462809917328,0.0,0.5867560771165126,118800000.0,0
2025-05-27,SJCVIETNAM,116300000.0,118800000.0,25897.0,4.92,5.32,0.4000000000000003,99.5199966430664,4.5,3299.10009765625,103006872.16784857,15793127.832151428,120442857.14285715,120760000.0,49.94666721566609,-1.0000000000000009,-2.2222222222222254,-0.419111483654655,118300000.0,0
2025-05-28,SJCVIETNAM,115800000.0,118300000.0,25903.0,4.92,5.32,0.4000000000000003,99.87999725341795,4.5,3293.60009765625,102858972.79232,15441027.207680002,120128571.42857143,120670000.0,48.43171871366811,-0.42087542087542174,-2.231404958677685,-1.8257261410788428,117200000.0,0
2025-05-29,SJCVIETNAM,114700000.0,117200000.0,25950.0,4.92,5.32,0.4000000000000003,99.27999877929688,4.5,3317.10009765625,103780841.96458375,13419158.035416245,119542857.14285715,120443333.33333333,45.18466281223665,-0.9298393913778513,-2.3333333333333317,-3.3800494641385015,119000000.0,1
2025-05-30,SJCVIETNAM,116500000.0,119000000.0,25996.0,4.92,5.32,0.4000000000000003,99.33000183105467,4.5,3288.89990234375,103080955.30011027,15919044.699889734,119400000.0,120360000.0,50.97664738074027,1.5358361774743923,0.16835016835017313,-0.8333333333333304,118200000.0,0
2025-05-31,SJCVIETNAM,115700000.0,118200000.0,25996.0,4.92,5.32,0.4000000000000003,99.33000183105467,4.5,3288.89990234375,103080955.30011027,15119044.699889734,118928571.42857143,120250000.0,48.52266136033513,-0.6722689075630228,-0.08453085376162184,-2.716049382716046,118500000.0,1
2025-06-02,SJCVIETNAM,116000000.0,118500000.0,26019.0,4.92,5.32,0.4000000000000003,98.6999969482422,4.5,3370.60009765625,105735075.71736775,12764924.282632247,118571428.57142857,120183333.33333333,49.504343276397684,0.2538071065989911,1.1092150170648463,-2.066115702479343,118000000.0,0
2025-06-03,SJCVIETNAM,116000000.0,118000000.0,26022.0,4.92,5.32,0.4000000000000003,99.25,4.5,3350.199951171875,105107244.55795452,12892755.44204548,118285714.28571428,120100000.0,47.865962170170505,-0.42194092827003704,-0.8403361344537785,-1.6666666666666718,117700000.0,0
2025-06-05,SJCVIETNAM,115400000.0,117700000.0,26071.0,4.92,5.32,0.4000000000000003,98.73999786376952,4.5,3350.699951171875,105320880.06851491,12379119.931485087,118128571.42857143,119996666.66666667,46.86378405567917,-0.25423728813559476,-0.4230118443316444,-0.92592592592593,118000000.0,1
2025-06-06,SJCVIETNAM,116000000.0,118000000.0,26056.0,4.92,5.32,0.4000000000000003,99.19000244140624,4.5,3322.699951171875,104380679.83837296,13619320.16162704,118085714.28571428,119886666.66666667,48.035466274676324,0.2548853016142827,-0.42194092827003704,-0.2535925612848655,117200000.0,0
2025-06-07,SJCVIETNAM,114900000.0,117200000.0,26056.0,4.92,5.32,0.4000000000000003,99.19000244140624,4.5,3322.699951171875,104380679.83837296,12819320.16162704,118085714.28571428,119750000.0,45.174789628584,-0.6779661016949157,-0.6779661016949157,0.0,117200000.0,0
2025-06-09,SJCVIETNAM,115200000.0,117200000.0,26047.0,4.92,5.32,0.4000000000000003,98.94000244140624,4.5,3332.10009765625,104639823.83590946,12560176.164090544,117828571.42857143,119663333.33333333,45.174789628584,0.0,-0.4248088360237934,-1.5126050420168013,118000000.0,1
2025-06-10,SJCVIETNAM,116000000.0,118000000.0,26025.0,4.92,5.32,0.4000000000000003,99.0500030517578,4.5,3320.89990234375,104200013.22296083,13799986.77703917,117800000.0,119503333.33333333,48.71681079298004,0.6825938566553003,0.0,-0.16920473773265332,118800000.0,1
2025-06-11,SJCVIETNAM,116800000.0,118800000.0,25990.0,4.92,5.32,0.4000000000000003,98.62999725341795,4.5,3321.300048828125,104072417.24657166,14727582.75342834,117842857.14285715,119390000.0,52.052757930175126,0.6779661016949046,1.3651877133105783,0.25316455696202667,118800000.0,0
2025-06-12,SJCVIETNAM,116800000.0,118800000.0,26010.0,4.92,5.32,0.4000000000000003,97.91999816894533,4.5,3380.89990234375,106021492.96845192,12778507.031548083,117957142.85714285,119260000.0,52.052757930175126,0.0,1.3651877133105783,0.6779661016949046,120500000.0,1
2025-06-13,SJCVIETNAM,118500000.0,120500000.0,26020.0,4.92,5.32,0.4000000000000003,98.18000030517578,4.5,3431.199951171875,107640218.27381226,12859781.726187736,118357142.85714285,119276666.66666667,58.6773691967987,1.4309764309764272,2.1186440677966045,2.3789294817332163,120300000.0,0
2025-06-14,SJCVIETNAM,117800000.0,120300000.0,26020.0,4.92,5.32,0.4000000000000003,98.18000030517578,4.5,3431.199951171875,107640218.27381226,12659781.726187736,118685714.28571428,119220000.0,57.66789179816356,-0.16597510373443924,1.262626262626254,1.9491525423728895,120500000.0,1
2025-06-16,SJCVIETNAM,118500000.0,120500000.0,26050.0,4.92,5.32,0.4000000000000003,98.0,4.5,3396.39990234375,106671351.57589234,13828648.424107656,119157142.85714285,119203333.33333333,58.43792224910904,0.16625103906899863,1.4309764309764272,2.8156996587030747,119300000.0,0
2025-06-17,SJCVIETNAM,117300000.0,119300000.0,26030.0,4.92,5.32,0.4000000000000003,98.81999969482422,4.5,3386.60009765625,106281906.23345289,13018093.766547114,119457142.85714285,119196666.66666667,52.29171979967646,-0.9958506224066355,-0.9958506224066355,1.7918088737201465,119400000.0,1
2025-06-19,SJCVIETNAM,117400000.0,119400000.0,26092.0,4.92,5.32,0.4000000000000003,98.91000366210938,4.5,3389.800048828125,106635719.09406637,12764280.905933633,119657142.85714285,119176666.66666667,52.73781680892143,0.08382229673093988,-0.7481296758104716,1.186440677966094,119700000.0,1
2025-06-21,SJCVIETNAM,117700000.0,119700000.0,26123.0,4.92,5.32,0.4000000000000003,98.70999908447266,4.5,3368.10009765625,106078969.18679765,13621030.813202351,119785714.28571428,119186666.66666667,54.12371005189603,0.2512562814070307,-0.663900414937757,0.7575757575757569,119700000.0,0
2025-06-23,SJCVIETNAM,117700000.0,119700000.0,26119.0,4.92,5.32,0.4000000000000003,98.41999816894533,4.5,3377.699951171875,106365029.14897917,13334970.851020828,119914285.71428572,119150000.0,54.12371005189603,0.0,0.3352891869237151,0.7575757575757569,119700000.0,0
2025-06-24,SJCVIETNAM,117700000.0,119700000.0,26190.0,4.92,5.32,0.4000000000000003,97.86000061035156,4.5,3317.39990234375,104750131.40530884,14949868.594691157,119800000.0,119190000.0,54.12371005189603,0.0,0.2512562814070307,-0.663900414937757,119800000.0,1
2025-06-26,SJCVIETNAM,117800000.0,119800000.0,26150.0,4.92,5.32,0.4000000000000003,97.1500015258789,4.5,3333.5,105097746.29125,14702253.708749995,119728571.42857143,119206666.66666667,54.6770184544384,0.08354218880535225,0.08354218880535225,-0.41562759767248547,119700000.0,0
2025-06-27,SJCVIETNAM,117700000.0,119700000.0,26100.0,4.92,5.32,0.4000000000000003,97.4000015258789,4.5,3273.699951171875,103015038.6340027,16684961.3659973,119614285.71428572,119220000.0,53.975944376414496,-0.08347245409014992,0.0,-0.663900414937757,119700000.0,0
2025-06-28,SJCVIETNAM,117700000.0,119700000.0,26100.0,4.92,5.32,0.4000000000000003,97.4000015258789,4.5,3273.699951171875,103015038.6340027,16684961.3659973,119671428.57142857,119193333.33333333,53.9759443764145,0.0,0.0,0.3352891869237151,119500000.0,0
2025-06-30,SJCVIETNAM,117500000.0,119500000.0,26090.0,4.92,5.32,0.4000000000000003,96.87999725341795,4.5,3294.39990234375,103626694.69058277,15873305.309417233,119685714.28571428,119133333.33333333,52.41700003831794,-0.1670843776106934,-0.25041736227044975,0.08375209380233617,120300000.0,1
2025-07-01,SJCVIETNAM,118300000.0,120300000.0,26118.0,4.92,5.32,0.4000000000000003,96.81999969482422,4.5,3336.699951171875,105069900.99033304,15230099.009666964,119771428.57142857,119143333.33333333,57.68201936406684,0.6694560669456173,0.5012531328320913,0.5012531328320913,120700000.0,1
2025-07-02,SJCVIETNAM,118700000.0,120700000.0,26110.0,4.92,5.32,0.4000000000000003,96.77999877929688,4.5,3348.0,105393437.98200001,15306562.017999992,119914285.71428572,119116666.66666667,60.06156418536681,0.33250207813799726,0.8354218880534781,0.8354218880534781,120900000.0,1
2025-07-03,SJCVIETNAM,118900000.0,120900000.0,26150.0,4.92,5.32,0.4000000000000003,97.18000030517578,4.5,3331.60009765625,105037846.6498816,15862153.350118399,120085714.28571428,119113333.33333333,61.235273014300475,0.1657000828500399,1.171548117154808,1.0025062656641603,120900000.0,0
2025-07-04,SJCVIETNAM,118900000.0,120900000.0,26175.0,4.92,5.32,0.4000000000000003,97.18000030517578,4.5,3332.5,105166664.259375,15733335.740624994,120242857.14285715,119143333.33333333,61.235273014300475,0.0,0.4987531172069737,0.9181969949916491,120500000.0,0
2025-07-07,SJCVIETNAM,118500000.0,120500000.0,26158.0,4.92,5.32,0.4000000000000003,97.4800033569336,4.5,3332.199951171875,105088898.41502826,15411101.58497174,120357142.85714285,119200000.0,57.327480156677126,-0.3308519437551727,-0.1657000828500399,0.6683375104427736,121000000.0,1
2025-07-08,SJCVIETNAM,119000000.0,121000000.0,26120.0,4.92,5.32,0.4000000000000003,97.51000213623048,4.5,3307.0,104142648.44600001,16857351.55399999,120542857.14285715,119290000.0,60.70330996709459,0.4149377593360981,0.08271298593878207,1.0860484544695126,120600000.0,0
2025-07-09,SJCVIETNAM,118600000.0,120600000.0,26110.0,4.92,5.32,0.4000000000000003,97.47000122070312,4.5,3311.60009765625,104247586.47357203,16352413.52642797,120700000.0,119403333.33333333,56.82998056302557,-0.33057851239669533,-0.2481389578163795,0.9205020920502127,120800000.0,1
2025-07-10,SJCVIETNAM,118800000.0,120800000.0,26138.0,4.92,5.32,0.4000000000000003,97.6500015258789,4.5,3317.39990234375,104542150.99931128,16257849.000688717,120771428.57142857,119463333.33333333,58.263944244350796,0.16583747927032544,0.24896265560165887,0.41562759767248547,121000000.0,1
2025-07-11,SJCVIETNAM,119000000.0,121000000.0,26100.0,4.92,5.32,0.4000000000000003,97.8499984741211,4.5,3356.0,105604812.54,15395187.459999993,120814285.71428572,119556666.66666667,59.705355533906065,0.16556291390728006,0.0,0.24855012427507095,121500000.0,1
2025-07-12,SJCVIETNAM,119500000.0,121500000.0,26100.0,4.92,5.32,0.4000000000000003,97.8499984741211,4.5,3356.0,105604812.54,15895187.459999993,120900000.0,119656666.66666667,63.13331223886465,0.4132231404958775,0.746268656716409,0.496277915632759,121100000.0,0
2025-07-15,SJCVIETNAM,119100000.0,121100000.0,26100.0,4.92,5.32,0.4000000000000003,98.62000274658205,4.5,3329.800048828125,104780366.49349733,16319633.506502673,120928571.42857143,119760000.0,58.82206492767847,-0.3292181069958877,0.2483443708609201,0.16542597187758634,120600000.0,0
2025-07-16,SJCVIETNAM,118600000.0,120600000.0,26120.0,4.92,5.32,0.4000000000000003,98.38999938964844,4.5,3352.5,105575515.245,15024484.754999995,120942857.14285715,119856666.66666667,53.870003097082815,-0.41288191577208977,-0.33057851239669533,0.08298755186721962,121000000.0,1
2025-07-18,SJCVIETNAM,119500000.0,121000000.0,26135.0,4.92,5.32,0.4000000000000003,98.4800033569336,4.5,3353.0,105651899.20075001,15348100.799249992,120942857.14285715,119956666.66666667,56.9895696193921,0.3316749585406287,-0.4115226337448541,0.0,121200000.0,1
2025-07-19,SJCVIETNAM,119700000.0,121200000.0,26135.0,4.92,5.32,0.4000000000000003,98.4800033569336,4.5,3353.0,105651899.20075001,15548100.799249992,121028571.42857143,120090000.0,58.5007145959073,0.16528925619834212,0.08257638315440907,0.4975124378109541,121500000.0,1
2025-07-21,SJCVIETNAM,120000000.0,121500000.0,26140.0,4.92,5.32,0.4000000000000003,97.8499984741211,4.5,3401.89990234375,107213226.1351958,14286773.864804193,121128571.42857143,120233333.33333333,60.729531380655274,0.24752475247524774,0.746268656716409,0.5794701986755024,122000000.0,1
2025-07-22,SJCVIETNAM,120000000.0,122000000.0,26130.0,4.92,5.32,0.4000000000000003,97.38999938964844,4.5,3439.199951171875,108347298.23413661,13652701.765863389,121271428.57142857,120366666.66666667,64.18228116765428,0.4115226337448652,0.8264462809917328,0.8264462809917328,122700000.0,1
2025-07-23,SJCVIETNAM,120700000.0,122700000.0,26120.0,4.92,5.32,0.4000000000000003,97.20999908447266,4.5,3394.10009765625,106885567.96514942,15814432.034850582,121442857.14285715,120496666.66666667,68.37454430568849,0.5737704918032716,1.2376237623762387,0.9876543209876631,122000000.0,0
2025-07-24,SJCVIETNAM,120000000.0,122000000.0,26120.0,4.92,5.32,0.4000000000000003,97.37999725341795,4.5,3371.0,106158109.43800001,15841890.561999992,121571428.57142857,120603333.33333333,60.72081830649456,-0.5704971475142595,0.4115226337448652,0.7431874483897705,121100000.0,0
2025-07-26,SJCVIETNAM,119600000.0,121100000.0,26110.0,4.92,5.32,0.4000000000000003,97.6500015258789,4.5,3334.0,104952724.68100001,16147275.31899999,121642857.14285715,120623333.33333333,52.572528230223924,-0.7377049180327888,-0.7377049180327888,0.4145936981757803,121000000.0,0
2025-07-29,SJCVIETNAM,119500000.0,121000000.0,26165.0,4.92,5.32,0.4000000000000003,98.91000366210938,4.5,3323.39990234375,104839415.81900233,16160584.18099767,121642857.14285715,120646666.66666667,51.74169908045906,-0.08257638315442017,-1.3854930725346382,0.0,121200000.0,1
2025-07-30,SJCVIETNAM,119700000.0,121200000.0,26195.0,4.92,5.32,0.4000000000000003,99.94000244140624,4.5,3295.800048828125,104087962.90973994,17112037.09026006,121642857.14285715,120670000.0,53.330256635187546,0.16528925619834212,-0.6557377049180357,0.0,121200000.0,0
2025-07-31,SJCVIETNAM,119700000.0,121200000.0,26200.0,4.92,5.32,0.4000000000000003,100.02999877929688,4.5,3293.199951171875,104025698.85361573,17174301.14638427,121600000.0,120733333.33333333,53.330256635187546,0.0,0.08257638315440907,-0.24691358024691024,123500000.0,1
2025-08-02,SJCVIETNAM,121500000.0,123500000.0,26197.0,4.92,5.32,0.4000000000000003,98.69000244140624,4.5,3347.699951171875,105735138.02527735,17764861.974722654,121814285.71428572,120870000.0,67.56869953709955,1.8976897689769068,2.066115702479343,1.2295081967213184,123300000.0,0
2025-08-04,SJCVIETNAM,121700000.0,123300000.0,26190.0,4.92,5.32,0.4000000000000003,98.77999877929688,4.5,3374.39990234375,106549961.89480884,16750038.105191156,121900000.0,120990000.0,65.69186696053201,-0.16194331983805377,1.7326732673267342,0.4889975550122161,123800000.0,1
2025-08-05,SJCVIETNAM,122200000.0,123800000.0,26174.0,4.92,5.32,0.4000000000000003,98.77999877929688,4.5,3381.89990234375,106721543.49418268,17078456.505817324,122157142.85714285,121126666.66666667,68.07902316259644,0.40551500405514584,2.1452145214521545,1.4754098360655776,123800000.0,0
2025-08-06,SJCVIETNAM,122400000.0,123800000.0,26225.0,4.92,5.32,0.4000000000000003,98.18000030517578,4.5,3380.0,106869418.825,16930581.174999997,122542857.14285715,121263333.33333333,68.07902316259643,0.0,0.24291497975708065,2.229562345169289,124100000.0,1
2025-08-07,SJCVIETNAM,122700000.0,124100000.0,26200.0,4.92,5.32,0.4000000000000003,98.4000015258789,4.5,3400.300048828125,107408779.95138429,16691220.048615709,122985714.28571428,121406666.66666667,69.55318847587587,0.24232633279483995,0.6488240064882467,2.5619834710743694,124000000.0,0
2025-08-08,SJCVIETNAM,122600000.0,124000000.0,26190.0,4.92,5.32,0.4000000000000003,98.18000030517578,4.5,3439.10009765625,108592933.54744117,15407066.45255883,123385714.28571428,121550000.0,68.41893593858848,-0.08058017727639033,0.1615508885298933,2.310231023102305,123900000.0,0
2025-08-11,SJCVIETNAM,122700000.0,123900000.0,26200.0,4.92,5.32,0.4000000000000003,98.5199966430664,4.5,3353.10009765625,105917826.47776857,17982173.52223143,123771428.57142857,121690000.0,67.23809126411007,-0.08064516129032695,0.08077544426494665,2.2277227722772297,123900000.0,0
2025-08-12,SJCVIETNAM,122700000.0,123900000.0,26231.0,4.92,5.32,0.4000000000000003,98.0999984741211,4.5,3348.89990234375,105910316.21841654,17989683.78158346,123828571.42857143,121836666.66666667,67.23809126411008,0.0,-0.16116035455278066,0.32388663967610754,123900000.0,0
2025-08-13,SJCVIETNAM,122700000.0,123900000.0,26245.0,4.92,5.32,0.4000000000000003,97.83999633789062,4.5,3358.699951171875,106276938.5654416,17623061.434558406,123914285.71428572,121956666.66666667,67.23809126411007,0.0,-0.08064516129032695,0.48661800486617945,124700000.0,1
2025-08-14,SJCVIETNAM,123500000.0,124700000.0,26265.0,4.92,5.32,0.4000000000000003,98.25,4.5,3335.199951171875,105613766.5619892,19086233.438010797,124042857.14285715,122090000.0,72.05685639796741,0.6456820016142117,0.6456820016142117,0.7269789983844976,124500000.0,0
2025-08-15,SJCVIETNAM,123500000.0,124500000.0,26230.0,4.92,5.32,0.4000000000000003,97.8499984741211,4.5,3336.0,105498329.532,19001670.467999995,124142857.14285715,122210000.0,69.31212123908801,-0.1603849238171584,0.4842615012106588,0.5654281098546043,124700000.0,1
2025-08-18,SJCVIETNAM,123700000.0,124700000.0,26240.0,4.92,5.32,0.4000000000000003,98.16999816894533,4.5,3331.699951171875,105402512.57046095,19297487.429539055,124228571.42857143,122336666.66666667,70.52137391181265,0.16064257028112205,0.6456820016142117,0.483481063658342,124800000.0,1
2025-08-20,SJCVIETNAM,123800000.0,124800000.0,26290.0,4.92,5.32,0.4000000000000003,98.22000122070312,4.5,3343.39990234375,105974203.72553492,18825796.274465084,124342857.14285715,122480000.0,71.13385635254892,0.0801924619085792,0.0801924619085792,0.6451612903225712,125400000.0,1
2025-08-21,SJCVIETNAM,124400000.0,125400000.0,26370.0,4.92,5.32,0.4000000000000003,98.62000274658205,4.5,3336.89990234375,106090026.89466578,19309973.105334222,124557142.85714285,122626666.66666667,74.55051322901843,0.48076923076922906,0.7228915662650603,1.2106537530266248,125400000.0,0
2025-08-22,SJCVIETNAM,124400000.0,125400000.0,26405.0,4.92,5.32,0.4000000000000003,97.72000122070312,4.5,3374.39990234375,107424656.12189491,17975343.87810509,124771428.57142857,122786666.66666667,74.55051322901845,0.0,0.5613472333600544,1.2106537530266248,126600000.0,1
2025-08-23,SJCVIETNAM,125600000.0,126600000.0,26405.0,4.92,5.32,0.4000000000000003,97.72000122070312,4.5,3374.39990234375,107424656.12189491,19175343.87810509,125157142.85714285,122980000.0,80.03247692521674,0.9569377990430672,1.4423076923076872,2.1791767554479424,126900000.0,1
2025-08-25,SJCVIETNAM,125900000.0,126900000.0,26300.0,4.92,5.32,0.4000000000000003,98.43000030517578,4.5,3373.800048828125,106978459.35927124,19921540.640728757,125471428.57142857,123176666.66666667,81.12699484694531,0.23696682464455776,1.1961722488038173,1.7642341619887647,127700000.0,1
2025-08-26,SJCVIETNAM,126100000.0,127700000.0,26300.0,4.92,5.32,0.4000000000000003,98.2300033569336,4.5,3388.60009765625,107447748.1135425,20252251.886457503,125928571.42857143,123383333.33333333,83.69386107423237,0.6304176516942483,1.8341307814992103,2.5702811244979973,128000000.0,1
2025-08-27,SJCVIETNAM,126000000.0,128000000.0,26340.0,4.92,5.32,0.4000000000000003,98.2300033569336,4.5,3404.60009765625,108119275.87785207,19880724.122147933,126400000.0,123613333.33333333,84.54286023772421,0.2349256068911565,1.1058451816745585,2.646351242983158,128000000.0,0
2025-08-28,SJCVIETNAM,126000000.0,128000000.0,26374.0,4.92,5.32,0.4000000000000003,97.80999755859376,4.5,3431.800048828125,109123736.5492076,18876263.450792402,126857142.85714285,123860000.0,84.54286023772421,0.0,0.8668242710795804,2.564102564102555,128900000.0,1
2025-08-29,SJCVIETNAM,127400000.0,128900000.0,26360.0,4.92,5.32,0.4000000000000003,97.7699966430664,4.5,3473.699951171875,110397428.88399659,18502571.11600341,127357142.85714285,124123333.33333333,86.91352167787178,0.7031250000000044,0.9397024275646038,2.7910685805422553,130600000.0,1
2025-08-30,SJCVIETNAM,129100000.0,130600000.0,26360.0,4.92,5.32,0.4000000000000003,97.7699966430664,4.5,3473.699951171875,110397428.88399659,20202571.11600341,128100000.0,124436666.66666667,90.0254239143558,1.3188518231187052,2.0312499999999956,4.146730462519943,133400000.0,1
2025-09-03,SJCVIETNAM,131900000.0,133400000.0,26340.0,4.92,5.32,0.4000000000000003,98.13999938964844,4.5,3593.199951171875,114108607.66657399,19291392.333426014,129071428.57142857,124833333.33333333,92.9844973392909,2.14395099540583,4.218750000000004,5.371248025276465,133900000.0,1
2025-09-04,SJCVIETNAM,132400000.0,133900000.0,26365.0,4.92,5.32,0.4000000000000003,98.3499984741211,4.5,3565.800048828125,113345951.54314777,20554048.456852227,130071428.57142857,125230000.0,93.36313262957627,0.37481259370315545,3.8789759503491172,5.516154452324673,134400000.0,1
2025-09-05,SJCVIETNAM,132900000.0,134400000.0,26360.0,4.92,5.32,0.4000000000000003,97.7699966430664,4.5,3613.199951171875,114830869.17699659,19569130.82300341,131028571.42857143,125620000.0,93.72769683110357,0.37341299477222645,2.9096477794793296,5.24667188723571,135400000.0,1
2025-09-06,SJCVIETNAM,133900000.0,135400000.0,26360.0,4.92,5.32,0.4000000000000003,97.7699966430664,4.5,3613.199951171875,114830869.17699659,20569130.82300341,132085714.28571428,126066666.66666667,94.39127174541426,0.7440476190476275,1.4992503748125996,5.781250000000004,135100000.0,0
2025-09-08,SJCVIETNAM,133100000.0,135100000.0,26375.0,4.92,5.32,0.4000000000000003,97.4499969482422,4.5,3638.10009765625,115688013.21974793,19411986.78025207,133100000.0,126533333.33333333,91.27163042022559,-0.22156573116691725,0.8961911874533213,5.546874999999996,135800000.0,1
2025-09-09,SJCVIETNAM,133800000.0,135800000.0,26385.0,4.92,5.32,0.4000000000000003,97.79000091552734,4.5,3643.300048828125,115897292.01160017,19902707.988399833,134085714.28571428,127026666.66666667,91.94092810979953,0.5181347150259086,1.041666666666674,5.352986811481775,135300000.0,0
2025-09-10,SJCVIETNAM,133300000.0,135300000.0,26360.0,4.92,5.32,0.4000000000000003,97.77999877929688,4.5,3643.60009765625,115797014.22600685,19502985.77399315,134757142.85714287,127496666.66666667,86.8198446814898,-0.3681885125184081,-0.07385524372230945,3.5987748851454837,135300000.0,0
2025-09-11,SJCVIETNAM,133300000.0,135300000.0,26370.0,4.92,5.32,0.4000000000000003,97.54000091552734,4.5,3636.89990234375,115627924.04466578,19672075.955334216,135028571.42857143,127966666.66666667,86.81984468148981,0.0,0.1480384900073961,1.4242878560719596,132800000.0,0
2025-09-12,SJCVIETNAM,129500000.0,132800000.0,26375.0,4.92,5.32,0.4000000000000003,97.5500030517578,4.5,3649.39990234375,116047335.92087708,16752664.079122916,134871428.57142857,128276666.66666667,65.62384104929048,-1.8477457501847705,-2.20913107511046,-0.821508588498876,131100000.0,0
2025-09-13,SJCVIETNAM,128100000.0,131100000.0,26375.0,4.92,5.32,0.4000000000000003,97.5500030517578,4.5,3649.39990234375,116047335.92087708,15052664.079122916,134400000.0,128536666.66666667,55.67079526019241,-1.2801204819277157,-3.104212860310418,-2.4553571428571397,131100000.0,0
2025-09-15,SJCVIETNAM,128400000.0,131100000.0,26355.0,4.92,5.32,0.4000000000000003,97.3000030517578,4.5,3682.199951171875,117001556.40114094,14098443.598859057,133785714.28571428,128780000.0,55.67079526019241,0.0,-3.104212860310418,-3.1757754800590843,132000000.0,1
2025-09-16,SJCVIETNAM,130000000.0,132000000.0,26355.0,4.92,5.32,0.4000000000000003,96.62999725341795,4.5,3688.89990234375,117214446.71815687,14785553.281843126,133342857.14285715,129053333.33333333,59.447196992908,0.6864988558352492,-0.6024096385542133,-2.2945965951147285,132000000.0,0
2025-09-18,SJCVIETNAM,130000000.0,132000000.0,26340.0,4.92,5.32,0.4000000000000003,97.3499984741211,4.5,3643.699951171875,115712327.12707399,16287672.872926012,132800000.0,129316666.66666667,59.447196992908,0.0,0.6864988558352492,-2.798232695139913,132000000.0,0
2025-09-19,SJCVIETNAM,130000000.0,132000000.0,26355.0,4.92,5.32,0.4000000000000003,97.63999938964844,4.5,3671.5,116661566.46112502,15338433.538874984,132328571.42857143,129583333.33333333,59.447196992908,0.0,0.6864988558352492,-2.4390243902439046,133000000.0,1
2025-09-20,SJCVIETNAM,131000000.0,133000000.0,26355.0,4.92,5.32,0.4000000000000003,97.63999938964844,4.5,3671.5,116661566.46112502,16338433.538874984,132000000.0,129886666.66666667,63.73458192393116,0.7575757575757569,0.7575757575757569,-1.6999260901699897,133300000.0,1
2025-09-22,SJCVIETNAM,131300000.0,133300000.0,26355.0,4.92,5.32,0.4000000000000003,97.33000183105467,4.5,3740.699951171875,118860388.38751595,14439611.612484053,132071428.57142857,130200000.0,64.9323805811811,0.22556390977443996,0.9848484848484773,0.3765060240963791,134600000.0,1
2025-09-23,SJCVIETNAM,132600000.0,134600000.0,26395.0,4.92,5.32,0.4000000000000003,97.26000213623048,4.5,3780.60009765625,120310535.00177772,14289464.998222277,132571428.57142857,130556666.66666667,69.61563805826441,0.9752438109527306,1.9696969696969768,2.6697177726926036,134800000.0,1
2025-09-24,SJCVIETNAM,132800000.0,134800000.0,26395.0,4.92,5.32,0.4000000000000003,97.87000274658205,4.5,3732.10009765625,118767113.11190271,16032886.888097286,133100000.0,130893333.33333333,70.27338455295052,0.14858841010401136,1.3533834586466176,2.822273073989323,134500000.0,0
2025-09-25,SJCVIETNAM,132500000.0,134500000.0,26395.0,4.92,5.32,0.4000000000000003,98.5500030517578,4.5,3736.89990234375,118919857.9288473,15580142.071152702,133457142.85714285,131226666.66666667,67.89901751744969,-0.2225519287833877,0.900225056264059,1.8939393939394034,135000000.0,1
2025-09-27,SJCVIETNAM,133000000.0,135000000.0,26380.0,4.92,5.32,0.4000000000000003,98.1500015258789,4.5,3775.300048828125,120073595.49208082,14926404.507919177,133885714.28571428,131570000.0,69.73445228499185,0.3717472118959009,0.2971768202080227,2.2727272727272707,135500000.0,1
2025-09-29,SJCVIETNAM,133500000.0,135500000.0,26385.0,4.92,5.32,0.4000000000000003,97.91000366210938,4.5,3820.89990234375,121546934.3161747,13953065.6838253,134385714.2857143,131926666.66666667,71.48996151162504,0.37037037037037646,0.5192878338278861,2.6515151515151603,137300000.0,1
2025-09-30,SJCVIETNAM,135300000.0,137300000.0,26414.0,4.92,5.32,0.4000000000000003,97.7699966430664,4.5,3840.800048828125,122314268.5302624,14985731.469737604,135000000.0,132323333.33333333,76.72412987390271,1.3284132841328455,2.0817843866171026,3.233082706766921,138000000.0,1
2025-10-01,SJCVIETNAM,136000000.0,138000000.0,26425.0,4.92,5.32,0.4000000000000003,97.70999908447266,4.5,3867.5,123215847.58437501,14784152.415624991,135671428.57142857,132743333.33333333,78.38599349330359,0.5098324836125379,2.2222222222222143,3.5258814703675867,138000000.0,0
2025-10-02,SJCVIETNAM,136000000.0,138000000.0,26405.0,4.92,5.32,0.4000000000000003,97.8499984741211,4.5,3839.699951171875,122237570.76907246,15762429.230927542,136157142.85714287,133123333.33333333,78.38599349330359,0.0,1.845018450184499,2.526002971768193,137800000.0,0
2025-10-03,SJCVIETNAM,135800000.0,137800000.0,26393.0,4.92,5.32,0.4000000000000003,97.72000122070312,4.5,3880.800048828125,123489853.47610612,14310146.523893878,136585714.2857143,133486666.66666667,76.57434446529857,-0.14492753623188692,0.36416605972322547,2.2255192878338326,138600000.0,1
2025-10-04,SJCVIETNAM,136600000.0,138600000.0,26393.0,4.92,5.32,0.4000000000000003,97.72000122070312,4.5,3880.800048828125,123489853.47610612,15110146.523893878,137171428.57142857,133850000.0,78.69540718622149,0.5805515239477588,0.43478260869564966,3.0483271375464582,139100000.0,1
2025-10-06,SJCVIETNAM,137100000.0,139100000.0,26375.0,4.92,5.32,0.4000000000000003,98.11000061035156,4.5,3948.5,125558425.53437501,13541574.465624988,137757142.85714287,134220000.0,79.91919886034843,0.3607503607503615,0.7971014492753614,3.037037037037038,140600000.0,1
2025-10-07,SJCVIETNAM,138600000.0,140600000.0,26340.0,4.92,5.32,0.4000000000000003,98.58000183105467,4.5,3976.60009765625,126284177.48985206,14315822.510147944,138485714.2857143,134640000.0,83.06252144255302,1.078360891444996,2.0319303338171224,3.763837638376377,141400000.0,1
2025-10-08,SJCVIETNAM,139400000.0,141400000.0,26340.0,4.92,5.32,0.4000000000000003,98.8499984741211,4.5,4043.300048828125,128402355.89992604,12997644.100073963,139071428.57142857,135056666.66666666,84.459696502566,0.5689900426742556,2.020202020202011,2.9861616897305154,142500000.0,1
2025-10-09,SJCVIETNAM,140500000.0,142500000.0,26335.0,4.92,5.32,0.4000000000000003,99.54000091552734,4.5,3946.300048828125,125298154.97965668,17201845.02034332,139714285.7142857,135453333.33333334,86.15129958649682,0.7779349363507881,2.444284687275333,3.2608695652173836,141900000.0,0
2025-10-10,SJCVIETNAM,139900000.0,141900000.0,26346.0,4.92,5.32,0.4000000000000003,98.9800033569336,4.5,3975.89990234375,126290702.77495153,15609297.225048468,140271428.57142857,135736666.66666666,80.97372527877853,-0.42105263157894424,0.9246088193456625,2.826086956521734,142800000.0,1
2025-10-11,SJCVIETNAM,140800000.0,142800000.0,26346.0,4.92,5.32,0.4000000000000003,98.9800033569336,4.5,3975.89990234375,126290702.77495153,16509297.225048468,140985714.2857143,136033333.33333334,82.6573875110565,0.634249471458781,0.990099009900991,3.6284470246734424,143600000.0,1
2025-10-13,SJCVIETNAM,141600000.0,143600000.0,26310.0,4.92,5.32,0.4000000000000003,99.2699966430664,4.5,4108.60009765625,130327471.85061988,13272528.149380118,141700000.0,136340000.0,84.01174822114336,0.5602240896358524,0.7719298245614015,3.607503607503615,146400000.0,1
2025-10-14,SJCVIETNAM,144900000.0,146400000.0,26325.0,4.92,5.32,0.4000000000000003,99.0500030517578,4.5,4138.7001953125,131357113.91684693,15042886.083153069,142742857.14285713,136706666.66666666,87.64771468273676,1.949860724233976,3.1712473572938604,5.248023005032354,147300000.0,1
2025-10-15,SJCVIETNAM,145300000.0,147300000.0,26343.0,4.92,5.32,0.4000000000000003,98.79000091552734,4.5,4176.89990234375,132660170.17174974,14639829.82825026,143700000.0,137113333.33333334,88.54913308237192,0.6147540983606481,3.1512605042016917,4.765291607396871,148600000.0,1
2025-10-16,SJCVIETNAM,146600000.0,148600000.0,26315.0,4.92,5.32,0.4000000000000003,98.38999938964844,4.5,4280.2001953125,135796540.86256716,12803459.137432843,144728571.42857143,137540000.0,89.71649565757038,0.8825526137135054,3.481894150417819,5.09193776520509,152200000.0,1
2025-10-17,SJCVIETNAM,150200000.0,152200000.0,26310.0,4.92,5.32,0.4000000000000003,98.43000030517578,4.5,4189.89990234375,132906354.62213014,19293645.37786986,146114285.7142857,138103333.33333334,92.1140364110907,2.4226110363391617,3.9617486338797914,6.807017543859639,151000000.0,0
2025-10-18,SJCVIETNAM,149500000.0,151000000.0,26310.0,4.92,5.32,0.4000000000000003,98.43000030517578,4.5,4189.89990234375,132906354.62213014,18093645.37786986,147414285.7142857,138626666.66666666,85.00013402906241,-0.7884362680683266,2.511880515953835,6.412966878083148,151000000.0,0
2025-10-20,SJCVIETNAM,150000000.0,151000000.0,26337.0,4.92,5.32,0.4000000000000003,98.58999633789062,4.5,4336.39990234375,137694590.94152117,13305409.058478832,148585714.2857143,139233333.33333334,85.00013402906241,0.0,1.6150740242261152,5.742296918767509,154600000.0,1
2025-10-21,SJCVIETNAM,153600000.0,154600000.0,26330.0,4.92,5.32,0.4000000000000003,98.93000030517578,4.5,4087.699951171875,129763072.29661268,24836927.70338732,150157142.85714287,140016666.66666666,88.17700868538934,2.384105960264904,1.5768725361366531,7.660167130919215,148500000.0,0
2025-10-22,SJCVIETNAM,146500000.0,148500000.0,26333.0,4.92,5.32,0.4000000000000003,98.9000015258789,4.5,4044.39990234375,128403150.83595213,20096849.164047867,150457142.85714287,140596666.66666666,63.59784429310729,-3.94566623544631,-1.655629139072845,1.434426229508201,149500000.0,1
2025-10-23,SJCVIETNAM,147500000.0,149500000.0,26345.0,4.92,5.32,0.4000000000000003,98.94000244140624,4.5,4125.5,131037634.58087501,18462365.41912499,150771428.57142857,141180000.0,65.30522614885336,0.6734006734006703,-0.9933774834437137,1.4935505770536261,149800000.0,1
2025-10-24,SJCVIETNAM,147800000.0,149800000.0,26312.0,4.92,5.32,0.4000000000000003,98.9499969482422,4.5,4118.39990234375,130648258.73756465,19151741.262435347,150942857.14285713,141773333.33333334,65.82312135769128,0.20066889632106566,-3.1047865459249646,0.8075370121130465,149200000.0,0
2025-10-25,SJCVIETNAM,147200000.0,149200000.0,26312.0,4.92,5.32,0.4000000000000003,98.9499969482422,4.5,4118.39990234375,130648258.73756465,18551741.262435347,150514285.7142857,142346666.66666666,63.77277227625334,-0.4005340453938633,0.471380471380467,-1.9710906701708275,148900000.0,0
2025-10-27,SJCVIETNAM,147400000.0,148900000.0,26280.0,4.92,5.32,0.4000000000000003,98.77999877929688,4.5,4001.89990234375,126798125.42161232,22101874.578387678,150214285.7142857,142876666.66666666,62.72077303818614,-0.20107238605897582,-0.4013377926421424,-1.3907284768211903,147200000.0,0
2025-10-28,SJCVIETNAM,145700000.0,147200000.0,26280.0,4.92,5.32,0.4000000000000003,98.69000244140624,4.5,3966.199951171875,125666990.96130617,21533009.03869383,149671428.57142857,143340000.0,56.98426712247772,-1.1417058428475513,-1.735647530040052,-2.516556291390726,146900000.0,0
2025-10-29,SJCVIETNAM,144900000.0,146900000.0,26308.0,4.92,5.32,0.4000000000000003,99.22000122070312,4.5,3983.699951171875,126355951.93599781,20544048.064002186,148571428.57142857,143750000.0,56.0107040517596,-0.20380434782608647,-1.5415549597855183,-4.980595084087969,146600000.0,0
2025-10-30,SJCVIETNAM,144600000.0,146600000.0,26335.0,4.92,5.32,0.4000000000000003,99.52999877929688,4.5,4001.300048828125,127044448.58090669,19555551.41909331,148300000.0,144143333.33333334,54.99878241263761,-0.2042205582028611,-1.5446608462055034,-1.2794612794612803,148200000.0,1
2025-11-04,SJCVIETNAM,146200000.0,148200000.0,26309.0,4.92,5.32,0.4000000000000003,100.22000122070312,4.5,3947.699951171875,125218854.83324395,22981145.16675605,148114285.7142857,144600000.0,59.229422901314386,1.091405184174632,0.6793478260869623,-0.8695652173912993,147000000.0,0
2025-11-05,SJCVIETNAM,145000000.0,147000000.0,26295.0,4.92,5.32,0.4000000000000003,100.1999969482422,4.5,3980.300048828125,126185727.9830019,20814272.016998097,147714285.7142857,145000000.0,55.04938450346095,-0.8097165991902799,0.0680735194009463,-1.869158878504673,147800000.0,1
2025-11-06,SJCVIETNAM,145800000.0,147800000.0,26300.0,4.92,5.32,0.4000000000000003,99.7300033569336,4.5,3979.89990234375,126197034.14395753,21602965.856042475,147514285.7142857,145410000.0,57.21711962782511,0.5442176870748217,0.8185538881309684,-0.9383378016085797,149600000.0,1
2025-11-10,SJCVIETNAM,147600000.0,149600000.0,26280.0,4.92,5.32,0.4000000000000003,99.62000274658205,4.5,4111.7998046875,130280246.89922462,19319753.100775376,147614285.7142857,145820000.0,61.69334554543909,1.2178619756427533,0.9446693657219951,0.4701141705842904,152000000.0,1
2025-11-11,SJCVIETNAM,150000000.0,152000000.0,26270.0,4.92,5.32,0.4000000000000003,99.45999908447266,4.5,4106.7998046875,130072310.8573794,21927689.142620593,148300000.0,146286666.66666666,66.69661382311767,1.6042780748663166,3.401360544217691,3.2608695652173836,151500000.0,0
2025-11-12,SJCVIETNAM,149500000.0,151500000.0,26280.0,4.92,5.32,0.4000000000000003,99.4800033569336,4.5,4204.39990234375,133214233.02661231,18285766.97338769,148957142.85714287,146736666.66666666,64.79779622452187,-0.3289473684210509,2.5033829499323312,3.131381892443841,153300000.0,1
2025-11-13,SJCVIETNAM,151300000.0,153300000.0,26280.0,4.92,5.32,0.4000000000000003,99.18000030517578,4.5,4186.89990234375,132659754.59161232,20640245.408387676,149914285.7142857,147253333.33333334,68.29698384266908,1.1881188118811892,2.4732620320855547,4.570259208731242,153100000.0,0
2025-11-14,SJCVIETNAM,151100000.0,153100000.0,26320.0,4.92,5.32,0.4000000000000003,99.2699966430664,4.5,4087.60009765625,129710620.31969728,23389379.680302724,150614285.7142857,147736666.66666666,67.49418651606103,-0.1304631441617743,0.7236842105263097,3.306342780026994,151000000.0,0
2025-11-15,SJCVIETNAM,149000000.0,151000000.0,26320.0,4.92,5.32,0.4000000000000003,99.2699966430664,4.5,4087.60009765625,129710620.31969728,21289379.680302724,151185714.2857143,148133333.33333334,59.57561393323136,-1.3716525146962755,-0.330033003300334,2.7210884353741527,150500000.0,0
2025-11-17,SJCVIETNAM,148500000.0,150500000.0,26325.0,4.92,5.32,0.4000000000000003,99.58999633789062,4.5,4068.300048828125,129122702.235618,21377297.764382005,151571428.57142857,148463333.33333334,57.83576161348462,-0.3311258278145712,-1.82648401826484,1.82679296346413,149800000.0,0
2025-11-18,SJCVIETNAM,147800000.0,149800000.0,26335.0,4.92,5.32,0.4000000000000003,99.5500030517578,4.5,4061.300048828125,128949496.14590669,20850503.854093313,151600000.0,148743333.33333334,55.39660477224223,-0.46511627906976605,-2.1554539516655757,0.13368983957218195,150700000.0,1
2025-11-19,SJCVIETNAM,148700000.0,150700000.0,26378.0,4.92,5.32,0.4000000000000003,100.2300033569336,4.5,4077.699951171875,129681606.04102693,21018393.958973065,151414285.7142857,149016666.66666666,57.857497816640176,0.6008010680907949,-0.1986754966887383,-0.8552631578947367,151000000.0,1
2025-11-20,SJCVIETNAM,149000000.0,151000000.0,26376.0,4.92,5.32,0.4000000000000003,100.16000366210938,4.5,4056.5,128997610.2786,22002389.721399993,151342857.14285713,149320000.0,58.67594596320784,0.1990710019907027,0.33222591362125353,-0.330033003300334,149800000.0,0
2025-11-21,SJCVIETNAM,147800000.0,149800000.0,26366.0,4.92,5.32,0.4000000000000003,100.18000030517578,4.5,4076.699951171875,129590822.52577338,20209177.474226624,150842857.14285713,149553333.33333334,54.14610699622037,-0.7947019867549643,0.0,-2.2831050228310557,150400000.0,1
2025-11-22,SJCVIETNAM,148400000.0,150400000.0,26366.0,4.92,5.32,0.4000000000000003,100.18000030517578,4.5,4076.699951171875,129590822.52577338,20809177.474226624,150457142.85714287,149780000.0,55.976166490005376,0.4005340453938633,-0.19907100199071381,-1.7635532331809256,152400000.0,1
2025-11-25,SJCVIETNAM,150400000.0,152400000.0,26350.0,4.92,5.32,0.4000000000000003,99.66000366210938,4.5,4139.2001953125,131497743.9528589,20902256.047141105,150657142.85714287,149980000.0,61.493024790198994,1.3297872340425565,0.9271523178807861,0.9271523178807861,152900000.0,1
2025-11-26,SJCVIETNAM,150900000.0,152900000.0,26343.0,4.92,5.32,0.4000000000000003,99.5999984741211,4.5,4165.2001953125,132288582.35255055,20611417.64744945,151000000.0,150166666.66666666,62.74979906856173,0.32808398950130435,2.0694259012016047,1.5946843853820614,154200000.0,1
2025-11-28,SJCVIETNAM,152200000.0,154200000.0,26372.0,4.92,5.32,0.4000000000000003,99.45999908447266,4.5,4218.2998046875,134122537.2029006,20077462.797099397,151628571.42857143,150353333.33333334,65.86887872167858,0.8502289077828573,2.5265957446808596,2.9372496662216196,154900000.0,1
2025-11-29,SJCVIETNAM,152900000.0,154900000.0,26372.0,4.92,5.32,0.4000000000000003,99.45999908447266,4.5,4218.2998046875,134122537.2029006,20777462.797099397,152228571.42857143,150443333.33333334,67.4493856595866,0.45395590142671693,1.6404199475065662,2.786994027869949,155200000.0,1
2025-12-01,SJCVIETNAM,153200000.0,155200000.0,26330.0,4.92,5.32,0.4000000000000003,99.41000366210938,4.5,4239.2998046875,134575573.9447007,20624426.055299312,152828571.42857143,150583333.33333334,68.13051378039472,0.1936733376371791,1.504251144538915,2.7814569536423805,154600000.0,0
2025-12-02,SJCVIETNAM,152600000.0,154600000.0,26340.0,4.92,5.32,0.4000000000000003,99.36000061035156,4.5,4186.60009765625,132953109.89985207,21646890.100147933,153514285.7142857,150703333.33333334,65.19231804690399,-0.3865979381443285,0.25940337224383825,3.204272363150862,154800000.0,1
2025-12-03,SJCVIETNAM,152800000.0,154800000.0,26340.0,4.92,5.32,0.4000000000000003,98.8499984741211,4.5,4199.2998046875,133356412.2227959,21443587.777204096,154142857.14285713,150710000.0,65.72296507391717,0.1293661060802087,-0.06455777921239303,2.92553191489362,154500000.0,0
2025-12-04,SJCVIETNAM,152500000.0,154500000.0,26345.0,4.92,5.32,0.4000000000000003,98.98999786376952,4.5,4211.7998046875,133778762.26746851,20721237.732531488,154442857.14285713,150910000.0,64.14332534901556,-0.19379844961240345,-0.45103092783504994,1.3779527559055094,154200000.0,0
2025-12-05,SJCVIETNAM,152200000.0,154200000.0,26340.0,4.92,5.32,0.4000000000000003,98.98999786376952,4.5,4212.89990234375,133788308.08964796,20411691.910352036,154628571.42857143,151066666.66666666,62.52495116093257,-0.1941747572815511,-0.2587322121604174,0.8502289077828573,154200000.0,0
2025-12-06,SJCVIETNAM,152200000.0,154200000.0,26340.0,4.92,5.32,0.4000000000000003,98.98999786376952,4.5,4212.89990234375,133788308.08964796,20411691.910352036,154628571.42857143,151213333.33333334,62.52495116093257,0.0,-0.3875968992248069,0.0,154500000.0,1
2025-12-08,SJCVIETNAM,152500000.0,154500000.0,26320.0,4.92,5.32,0.4000000000000003,99.08999633789062,4.5,4187.2001953125,132871201.13539454,21628798.864605457,154571428.57142857,151390000.0,63.59035267834501,0.1945525291828787,0.0,-0.2582311168495832,154200000.0,0
2025-12-09,SJCVIETNAM,152200000.0,154200000.0,26320.0,4.92,5.32,0.4000000000000003,99.22000122070312,4.5,4206.7001953125,133489988.94139454,20710011.058605462,154428571.42857143,151566666.66666666,61.70127454028292,-0.1941747572815511,0.0,-0.6443298969072142,154700000.0,1
2025-12-10,SJCVIETNAM,152700000.0,154700000.0,26340.0,4.92,5.32,0.4000000000000003,98.79000091552734,4.5,4196.39990234375,133264320.54314797,21435679.456852034,154442857.14285713,151816666.66666666,63.6399986538586,0.3242542153047978,0.3242542153047978,0.06468305304010435,155100000.0,1
2025-12-11,SJCVIETNAM,153100000.0,155100000.0,26355.0,4.92,5.32,0.4000000000000003,98.3499984741211,4.5,4285.5,136171358.591625,18928641.408374995,154485714.2857143,152090000.0,65.15946530422627,0.25856496444731647,0.3883495145631022,0.19379844961240345,155600000.0,1
2025-12-12,SJCVIETNAM,153600000.0,155600000.0,26300.0,4.92,5.32,0.4000000000000003,98.4000015258789,4.5,4300.10009765625,136350132.4560425,19249867.5439575,154642857.14285713,152390000.0,67.01503797163008,0.3223726627981982,0.9079118028534339,0.7119741100323651,155600000.0,0
2025-12-13,SJCVIETNAM,153600000.0,155600000.0,26300.0,4.92,5.32,0.4000000000000003,98.4000015258789,4.5,4300.10009765625,136350132.4560425,19249867.5439575,154842857.14285713,152636666.66666666,67.01503797163008,0.0,0.5817711700064621,0.9079118028534339,156300000.0,1
2025-12-15,SJCVIETNAM,154300000.0,156300000.0,26303.0,4.92,5.32,0.4000000000000003,98.1500015258789,4.5,4306.7001953125,136574989.3988564,19725010.6011436,155142857.14285713,152946666.66666666,69.64038555233273,0.44987146529562594,0.7736943907156624,1.3618677042801508,156200000.0,0
2025-12-16,SJCVIETNAM,154200000.0,156200000.0,26290.0,4.92,5.32,0.4000000000000003,98.1500015258789,4.5,4304.5,136437749.97325,19762250.02675,155385714.2857143,153226666.66666666,68.7979571373087,-0.0639795265515053,0.3856041131105492,1.1003236245954673,156200000.0,0
2025-12-17,SJCVIETNAM,154200000.0,156200000.0,26310.0,4.92,5.32,0.4000000000000003,98.37000274658205,4.5,4347.5,137905532.39625,18294467.60374999,155671428.57142857,153446666.66666666,68.7979571373087,0.0,0.3856041131105492,1.2970168612191912,156400000.0,1
2025-12-18,SJCVIETNAM,154400000.0,156400000.0,26300.0,4.92,5.32,0.4000000000000003,98.43000030517578,4.5,4339.5,137599448.00250003,18800551.997499973,155914285.7142857,153593333.33333334,69.64955824824972,0.1280409731113874,0.0639795265515053,1.098901098901095,156600000.0,1
2025-12-20,SJCVIETNAM,154600000.0,156600000.0,26285.0,4.92,5.32,0.4000000000000003,98.5999984741211,4.5,4361.39990234375,138214988.30957362,18385011.69042638,156128571.42857143,153763333.33333334,70.51616456843263,0.12787723785165905,0.256081946222797,0.9671179883945946,157100000.0,1
2025-12-22,SJCVIETNAM,155100000.0,157100000.0,26265.0,4.92,5.32,0.4000000000000003,98.29000091552734,4.5,4444.60009765625,140744472.30977163,16355527.690228373,156342857.14285713,153890000.0,72.6209143261397,0.319284802043418,0.5761843790012877,0.9640102827763508,159000000.0,1
2025-12-23,SJCVIETNAM,157000000.0,159000000.0,26300.0,4.92,5.32,0.4000000000000003,97.94000244140624,4.5,4482.7998046875,142143283.47291505,16856716.527084947,156828571.42857143,154086666.66666666,78.81098423477388,1.2094207511139432,1.662404092071612,2.185089974293053,159800000.0,1
2025-12-24,SJCVIETNAM,157800000.0,159800000.0,26326.0,4.92,5.32,0.4000000000000003,97.9800033569336,4.5,4480.60009765625,142213986.7767437,17586013.22325629,157328571.42857143,154380000.0,80.78124180615009,0.5031446540880502,2.0434227330779153,2.2392834293026187,158800000.0,0
2025-12-25,SJCVIETNAM,156800000.0,158800000.0,26326.0,4.92,5.32,0.4000000000000003,97.9800033569336,4.5,4480.60009765625,142213986.7767437,16586013.22325629,157700000.0,154656666.66666666,71.79457672007536,-0.6257822277847325,1.0821133036282626,1.6645326504481472,159200000.0,1
2025-12-26,SJCVIETNAM,157200000.0,159200000.0,26277.0,4.92,5.32,0.4000000000000003,98.0199966430664,4.5,4529.10009765625,143485808.9917895,15714191.00821051,158128571.42857143,154970000.0,73.08441859387231,0.25188916876575096,0.12578616352201255,1.9206145966709443,159700000.0,1
2025-12-27,SJCVIETNAM,157700000.0,159700000.0,26277.0,4.92,5.32,0.4000000000000003,98.0199966430664,4.5,4529.10009765625,143485808.9917895,16214191.00821051,158600000.0,155270000.0,74.64525637943653,0.3140703517587884,-0.06257822277847547,2.10997442455243,159700000.0,0
2025-12-29,SJCVIETNAM,157700000.0,159700000.0,26255.0,4.92,5.32,0.4000000000000003,98.04000091552734,4.5,4325.10009765625,136908192.26906922,22791807.730930775,159042857.14285713,155560000.0,74.64525637943653,0.0,0.5667506297229119,1.9795657726692228,154200000.0,0
2025-12-30,SJCVIETNAM,152200000.0,154200000.0,26245.0,4.92,5.32,0.4000000000000003,98.23999786376952,4.5,4370.10009765625,138279949.49099183,15920050.50900817,158628571.42857143,155706666.66666666,42.90443152805872,-3.443957420162802,-3.1407035175879394,-1.845957988542335,154400000.0,1
2025-12-31,SJCVIETNAM,152400000.0,154400000.0,26225.0,4.92,5.32,0.4000000000000003,98.27999877929688,4.5,4325.60009765625,136767564.64671203,17632435.353287965,157971428.57142857,155840000.0,43.839617621827124,0.12970168612191912,-3.318722604884161,-2.8930817610062887,156200000.0,1
2026-01-05,SJCVIETNAM,154200000.0,156200000.0,26295.0,4.92,5.32,0.4000000000000003,98.2699966430664,4.5,4436.89990234375,140661115.31712124,15538884.682878762,157457142.85714287,155966666.66666666,51.533789686922354,1.1658031088082943,-2.1916092673763266,-2.252816020025028,157400000.0,1
2026-01-06,SJCVIETNAM,155400000.0,157400000.0,26269.0,4.92,5.32,0.4000000000000003,98.58000183105467,4.5,4482.2001953125,141956747.79745513,15443252.202544868,157257142.85714287,156116666.66666666,55.874082330857036,0.7682458386683688,2.075226977950706,-0.8816120906801062,158600000.0,1
2026-01-07,SJCVIETNAM,156600000.0,158600000.0,26274.0,4.92,5.32,0.4000000000000003,98.68000030517578,4.5,4449.2998046875,140941573.7843675,17658426.2156325,157171428.57142857,156263333.33333334,59.755343428429256,0.7623888182973326,2.72020725388602,-0.37688442211055717,158100000.0,0
2026-01-08,SJCVIETNAM,156100000.0,158100000.0,26271.0,4.92,5.32,0.4000000000000003,98.93000030517578,4.5,4449.7001953125,140938162.7144111,17161837.28558889,156942857.14285713,156370000.0,57.486430179758045,-0.31525851197982124,1.2163892445582691,-1.0018785222291826,157200000.0,0
2026-01-09,SJCVIETNAM,155200000.0,157200000.0,26230.0,4.92,5.32,0.4000000000000003,99.12999725341795,4.5,4490.2998046875,142002136.83824855,15197863.16175145,156585714.2857143,156436666.66666666,53.54530922494985,-0.5692599620493399,-0.12706480304955914,-1.5654351909830888,158300000.0,1
2026-01-10,SJCVIETNAM,156300000.0,158300000.0,26230.0,4.92,5.32,0.4000000000000003,99.12999725341795,4.5,4490.2998046875,142002136.83824855,16297863.16175145,157171428.57142857,156560000.0,57.3903199502095,0.6997455470737934,-0.1891551071878994,2.658884565499342,162000000.0,1
2026-01-12,SJCVIETNAM,160000000.0,162000000.0,26225.0,4.92,5.32,0.4000000000000003,98.86000061035156,4.5,4604.2998046875,145579539.71095094,16420460.28904906,158257142.85714287,156800000.0,67.21880333064621,2.337334175615924,2.4667931688804545,4.922279792746109,162900000.0,1
2026-01-14,SJCVIETNAM,160900000.0,162900000.0,26250.0,4.92,5.32,0.4000000000000003,99.12999725341795,4.5,4626.2998046875,146414581.93743896,16485418.062561035,159214285.7142857,157080000.0,69.0866846851148,0.5555555555555536,3.6259541984732913,4.289372599231744,162800000.0,0
2026-01-15,SJCVIETNAM,160800000.0,162800000.0,26230.0,4.92,5.32,0.4000000000000003,99.31999969482422,4.5,4616.2998046875,145986785.97524855,16813214.024751455,159985714.2857143,157366666.66666666,68.61883108774981,-0.061387354205033606,2.8427037271004485,3.4307496823379857,165000000.0,1
2026-01-19,SJCVIETNAM,163000000.0,165000000.0,26235.0,4.92,5.32,0.4000000000000003,99.38999938964844,4.5,4588.39990234375,145132133.91921058,19867866.080789417,160900000.0,157726666.66666666,72.95761461533303,1.3513513513513598,1.85185185185186,4.035308953341743,165000000.0,0
2026-01-20,SJCVIETNAM,163000000.0,165000000.0,26225.0,4.92,5.32,0.4000000000000003,98.63999938964844,4.5,4759.60009765625,150489850.96921206,14510149.030787945,161885714.2857143,158076666.66666666,72.95761461533304,0.0,1.2891344383057168,4.36432637571158,169200000.0,1
2026-01-21,SJCVIETNAM,167200000.0,169200000.0,26264.0,4.92,5.32,0.4000000000000003,98.76000213623048,4.5,4831.7998046875,152999866.58827227,16200133.411727726,163600000.0,158576666.66666666,79.29566992930276,2.5454545454545396,3.9312039312039415,7.6335877862595325,168700000.0,0
2026-01-22,SJCVIETNAM,166700000.0,168700000.0,26225.0,4.92,5.32,0.4000000000000003,98.36000061035156,4.5,4908.7998046875,155207272.85657594,13492727.143424064,165085714.2857143,159043333.33333334,76.98249535948752,-0.2955082742316817,2.2424242424242458,6.5698041692987985,173300000.0,1
2026-01-23,SJCVIETNAM,171300000.0,173300000.0,26267.0,4.92,5.32,0.4000000000000003,97.5999984741211,4.5,4976.2001953125,157590331.2918242,15709668.708175808,166700000.0,159650000.0,82.1434404066484,2.7267338470657876,5.030303030303029,6.9753086419753085,174300000.0,1
